"Longitude (x)","Latitude (y)","Station Name","Climate ID","Month","Day","Average Max. Temp. (°C)","Average Min. Temp. (°C)","Frequency of Precip. (%)","Highest Temp. (°C)","Highest Temp.Year","Highest Temp. Period","Highest Temp. Data Quality","Lowest Temp. (°C)","Lowest Temp. Year","Lowest Temp. Period","Lowest Temp. Data Quality","Greatest Precip. (mm)","Greatest Precip. Year","Greatest Precip. Period","Greatest Precip. Data Quality","Greatest Rainfall (mm)","Greatest Rainfall Year","Greatest Rainfall Period","Greatest Rainfall Data Quality","Greatest Snowfall (cm)","Greatest Snowfall Year","Greatest Snowfall Period","Greatest Snowfall Data Quality","Most Snow on the Ground (cm)","Most Snow on the Ground Year","Most Snow on the Ground Period","Most Snow on the Ground Data Quality"
"-79.63","43.68","TORONTO LESTER B. PEARSON INT'L A","6158733","1","1","-1.3","-9.3","49.0","12.0","2011","1939-2013","","-21.1","1968","1939-2013","","30.7","1985","1938-2013","","12.2","1955","1938-2013","","17.8","1948","1938-2013","","18","1969","1955-2013",""
"-79.63","43.68","TORONTO LESTER B. PEARSON INT'L A","6158733","1","2","-1.4","-9.4","49.0","12.2","2000","1938-2013","","-21.2","1981","1939-2013","","16.4","2005","1938-2013","","16.4","2005","1938-2013","","16.3","1965","1938-2013","","25","1964","1955-2013",""
"-79.63","43.68","TORONTO LESTER B. PEARSON INT'L A","6158733","1","3","-1.5","-9.5","49.0","13.9","1950","1938-2013","","-26.0","1981","1938-2013","","27.9","1943","1938-2013","","15.0","1951","1938-2013","","27.9","1943","1938-2013","","21","1999","1955-2013",""
"-79.63","43.68","TORONTO LESTER B. PEARSON INT'L A","6158733","1","4","-1.6","-9.7","49.0","12.0","1993","1938-2013","","-31.3","1981","1938-2013","","17.7","1993","1938-2013","","17.7","1993","1938-2013","","8.9","1941","1938-2013","","20","1999","1955-2013",""
"-79.63","43.68","TORONTO LESTER B. PEARSON INT'L A","6158733","1","5","-1.6","-9.8","49.0","11.1","2007","1938-2013","","-20.6","1959","1938-2013","","16.5","1940","1938-2013","","12.2","1998","1938-2013","","16.5","1940","1938-2013","","20","1999","1955-2013",""
"-79.63","43.68","TORONTO LESTER B. PEARSON INT'L A","6158733","1","6","-1.7","-9.9","49.0","13.9","1946","1938-2013","","-26.1","1945","1938-2013","","17.8","1950","1938-2013","","7.1","1962","1938-2013","","17.8","1950","1938-2013","","20","1999","1955-2013",""
"-79.63","43.68","TORONTO LESTER B. PEARSON INT'L A","6158733","1","7","-1.8","-10.0","49.0","14.9","2008","1938-2013","","-26.1","1940","1938-2013","","21.6","1998","1938-2013","","21.6","1998","1938-2013","","10.4","1966","1938-2013","","23","1969","1955-2013",""
"-79.63","43.68","TORONTO LESTER B. PEARSON INT'L A","6158733","1","8","-1.9","-10.1","49.0","15.5","2008","1938-2013","","-26.1","1968","1938-2013","","19.2","1978","1938-2013","","15.8","1978","1938-2013","","11.2","2011","1938-2013","","21","1999","1955-2013",""
"-79.63","43.68","TORONTO LESTER B. PEARSON INT'L A","6158733","1","9","-1.9","-10.2","49.0","11.6","2008","1938-2013","","-27.2","1943","1938-2013","","58.7","1946","1938-2013","","58.7","1946","1938-2013","","12.6","1997","1938-2013","","30","1999","1955-2013",""
"-79.63","43.68","TORONTO LESTER B. PEARSON INT'L A","6158733","1","10","-2.0","-10.3","49.0","9.4","1950","1938-2013","","-26.7","1945","1938-2013","","18.2","1977","1938-2013","","15.5","1983","1938-2013","","18.7","1977","1938-2013","","31","1999","1955-2013",""
"-79.63","43.68","TORONTO LESTER B. PEARSON INT'L A","6158733","1","11","-2.0","-10.3","49.0","11.7","1975","1938-2013","","-26.7","1968","1938-2013","","25.0","1980","1938-2013","","25.0","1980","1938-2013","","9.8","1991","1938-2013","","31","1999","1955-2013",""
"-79.63","43.68","TORONTO LESTER B. PEARSON INT'L A","6158733","1","12","-2.1","-10.4","49.0","14.8","2013","1938-2013","","-26.4","1982","1938-2013","","22.6","1960","1938-2013","","22.6","1960","1938-2013","","12.2","1938","1938-2013","","36","1999","1955-2013",""
"-79.63","43.68","TORONTO LESTER B. PEARSON INT'L A","6158733","1","13","-2.1","-10.5","49.0","17.6","2005","1938-2013","","-22.5","1999","1938-2013","","29.8","2013","1938-2013","","29.8","2013","1938-2013","","15.0","1976","1938-2013","","48","1999","1955-2013",""
"-79.63","43.68","TORONTO LESTER B. PEARSON INT'L A","6158733","1","14","-2.2","-10.5","49.0","12.9","1995","1938-2013","","-25.6","1941","1938-2013","","49.8","1968","1938-2013","","29.0","1968","1938-2013","","20.8","1968","1938-2013","","48","1999","1955-2013",""
"-79.63","43.68","TORONTO LESTER B. PEARSON INT'L A","6158733","1","15","-2.2","-10.6","49.0","10.6","1953","1938-2013","","-28.4","1994","1938-2013","","43.4","1995","1938-2013","","43.4","1995","1938-2013","","11.2","1999","1938-2013","","67","1999","1955-2013",""
"-79.63","43.68","TORONTO LESTER B. PEARSON INT'L A","6158733","1","16","-2.3","-10.7","49.0","11.1","1949","1938-2013","","-31.0","1994","1938-2013","","13.4","1995","1938-2013","","13.4","1995","1938-2013","","10.9","1938","1938-2013","","67","1999","1955-2013",""
"-79.63","43.68","TORONTO LESTER B. PEARSON INT'L A","6158733","1","17","-2.3","-10.7","49.0","10.0","2012","1938-2013","","-25.6","1976","1938-2013","","18.6","2006","1938-2013","","18.6","2006","1938-2013","","7.6","1994","1938-2013","","55","1999","1955-2013",""
"-79.63","43.68","TORONTO LESTER B. PEARSON INT'L A","6158733","1","18","-2.3","-10.7","49.0","12.0","1996","1938-2013","","-30.0","1976","1938-2013","","17.3","1949","1938-2013","","17.3","1949","1938-2013","","9.4","1987","1938-2013","","40","1999","1955-2013",""
"-79.63","43.68","TORONTO LESTER B. PEARSON INT'L A","6158733","1","19","-2.3","-10.8","49.0","10.3","1996","1938-2013","","-25.0","1994","1938-2013","","19.8","1952","1938-2013","","14.0","1952","1938-2013","","13.0","1987","1938-2013","","38","1976","1955-2013",""
"-79.63","43.68","TORONTO LESTER B. PEARSON INT'L A","6158733","1","20","-2.4","-10.8","49.0","11.4","2006","1938-2013","","-23.3","1939","1938-2013","","33.6","1995","1938-2013","","33.6","1995","1938-2013","","12.2","1972","1938-2013","","38","1976","1955-2013",""
"-79.63","43.68","TORONTO LESTER B. PEARSON INT'L A","6158733","1","21","-2.4","-10.9","49.0","9.4","1959","1938-2013","","-25.6","1970","1938-2013","","12.2","2006","1938-2013","","9.6","2006","1938-2013","","8.9","1979","1938-2013","","38","1976","1955-2013",""
"-79.63","43.68","TORONTO LESTER B. PEARSON INT'L A","6158733","1","22","-2.4","-10.9","49.0","12.2","1957","1938-2013","","-28.3","1976","1938-2013","","24.4","1957","1938-2013","","18.0","1957","1938-2013","","9.6","2005","1938-2013","","38","1976","1955-2013",""
"-79.63","43.68","TORONTO LESTER B. PEARSON INT'L A","6158733","1","23","-2.4","-10.9","49.0","11.7","1967","1938-2013","","-31.1","1976","1938-2013","","32.5","1966","1938-2013","","14.4","1999","1938-2013","","36.8","1966","1938-2013","","36","1966","1955-2013",""
"-79.63","43.68","TORONTO LESTER B. PEARSON INT'L A","6158733","1","24","-2.4","-10.9","49.0","7.7","1999","1938-2013","","-27.8","1970","1938-2013","","22.4","1979","1938-2013","","18.2","1979","1938-2013","","9.4","1997","1938-2013","","43","1966","1955-2013",""
"-79.63","43.68","TORONTO LESTER B. PEARSON INT'L A","6158733","1","25","-2.4","-10.9","49.0","16.7","1950","1938-2013","","-28.3","1945","1938-2013","","15.5","1964","1938-2013","","13.7","1975","1938-2013","","7.8","2005","1938-2013","","43","1966","1955-2013",""
"-79.63","43.68","TORONTO LESTER B. PEARSON INT'L A","6158733","1","26","-2.4","-10.9","49.0","12.8","1944","1938-2013","","-29.4","1939","1938-2013","","18.4","1978","1938-2013","","16.3","1974","1938-2013","","17.6","2004","1938-2013","","41","1966","1955-2013",""
"-79.63","43.68","TORONTO LESTER B. PEARSON INT'L A","6158733","1","27","-2.4","-10.9","49.0","11.2","2002","1938-2013","","-22.9","2003","1938-2013","","19.0","1996","1938-2013","","17.2","1996","1938-2013","","14.0","2004","1938-2013","","43","1966","1955-2013",""
"-79.63","43.68","TORONTO LESTER B. PEARSON INT'L A","6158733","1","28","-2.4","-10.9","49.0","11.2","2002","1938-2013","","-22.8","1984","1938-2013","","15.2","1994","1938-2013","","14.8","1994","1938-2013","","13.4","2009","1938-2013","","46","2004","1955-2013",""
"-79.63","43.68","TORONTO LESTER B. PEARSON INT'L A","6158733","1","29","-2.4","-10.9","49.0","8.9","1950","1938-2013","","-23.3","1952","1938-2013","","16.0","1947","1938-2013","","15.8","2006","1938-2013","","16.0","1947","1938-2013","","46","2004","1955-2013",""
"-79.63","43.68","TORONTO LESTER B. PEARSON INT'L A","6158733","1","30","-2.3","-10.9","49.0","14.0","2013","1938-2013","","-26.1","1948","1938-2013","","18.8","1956","1938-2013","","12.6","2001","1938-2013","","18.8","1956","1938-2013","","46","2004","1955-2013",""
"-79.63","43.68","TORONTO LESTER B. PEARSON INT'L A","6158733","1","31","-2.3","-10.8","49.0","14.0","1988","1938-2013","","-25.6","1948","1938-2013","","17.6","2002","1938-2013","","5.8","1942","1938-2013","","16.4","2002","1938-2013","","46","2004","1955-2013",""
"-79.63","43.68","TORONTO LESTER B. PEARSON INT'L A","6158733","2","1","-2.3","-10.8","41.0","10.0","1989","1938-2013","","-23.3","1962","1938-2013","","26.9","1968","1938-2013","","26.9","1968","1938-2013","","16.4","2008","1938-2013","","44","2004","1955-2013",""
"-79.63","43.68","TORONTO LESTER B. PEARSON INT'L A","6158733","2","2","-2.2","-10.8","41.0","7.2","1968","1938-2013","","-25.0","1961","1938-2013","","17.3","1973","1938-2013","","17.3","1973","1938-2013","","12.8","2011","1938-2013","","41","1966","1955-2013",""
"-79.63","43.68","TORONTO LESTER B. PEARSON INT'L A","6158733","2","3","-2.2","-10.7","41.0","9.3","1991","1938-2013","","-25.0","1955","1938-2013","","21.3","1972","1938-2013","","18.0","1952","1938-2013","","17.5","1972","1938-2013","","38","1966","1955-2013",""
"-79.63","43.68","TORONTO LESTER B. PEARSON INT'L A","6158733","2","4","-2.2","-10.7","41.0","11.0","1991","1938-2013","","-24.4","1946","1938-2013","","22.4","2006","1938-2013","","19.4","2006","1938-2013","","11.4","1945","1938-2013","","37","1982","1955-2013",""
"-79.63","43.68","TORONTO LESTER B. PEARSON INT'L A","6158733","2","5","-2.1","-10.7","41.0","8.9","1962","1938-2013","","-25.6","1948","1938-2013","","25.1","1938","1938-2013","","25.1","1938","1938-2013","","11.6","2011","1938-2013","","37","1982","1955-2013",""
"-79.63","43.68","TORONTO LESTER B. PEARSON INT'L A","6158733","2","6","-2.0","-10.6","41.0","9.4","1938","1938-2013","","-25.0","1967","1938-2013","","31.4","2008","1938-2013","","5.1","1943","1938-2013","","30.4","2008","1938-2013","","43","1982","1955-2013",""
"-79.63","43.68","TORONTO LESTER B. PEARSON INT'L A","6158733","2","7","-2.0","-10.5","41.0","7.9","2009","1938-2013","","-23.3","1963","1938-2013","","18.5","1942","1938-2013","","4.1","1965","1938-2013","","18.5","1942","1938-2013","","43","1982","1955-2013",""
"-79.63","43.68","TORONTO LESTER B. PEARSON INT'L A","6158733","2","8","-1.9","-10.5","41.0","9.0","1990","1938-2013","","-23.3","1963","1938-2013","","40.4","2001","1939-2013","","12.6","2001","1939-2013","","27.2","2001","1938-2013","","41","1982","1955-2013",""
"-79.63","43.68","TORONTO LESTER B. PEARSON INT'L A","6158733","2","9","-1.8","-10.4","41.0","10.6","1938","1938-2013","","-26.1","1951","1938-2013","","20.2","2001","1939-2013","","20.2","2001","1939-2013","","6.2","2005","1938-2013","","42","1982","1955-2013",""
"-79.63","43.68","TORONTO LESTER B. PEARSON INT'L A","6158733","2","10","-1.7","-10.3","41.0","10.6","1965","1938-2013","","-27.8","1948","1938-2013","","26.4","1943","1938-2013","","26.4","1943","1938-2013","","10.2","1959","1938-2013","","40","1982","1955-2013",""
"-79.63","43.68","TORONTO LESTER B. PEARSON INT'L A","6158733","2","11","-1.7","-10.2","41.0","8.9","2009","1938-2013","","-27.2","1979","1938-2013","","25.8","2009","1938-2013","","25.8","2009","1938-2013","","17.3","1944","1938-2013","","39","1982","1955-2013",""
"-79.63","43.68","TORONTO LESTER B. PEARSON INT'L A","6158733","2","12","-1.6","-10.1","41.0","13.2","1999","1938-2013","","-26.7","1967","1938-2013","","25.4","1985","1938-2013","","16.0","1949","1938-2013","","18.2","1985","1938-2013","","38","1982","1955-2013",""
"-79.63","43.68","TORONTO LESTER B. PEARSON INT'L A","6158733","2","13","-1.5","-10.1","41.0","11.6","1990","1938-2013","","-23.2","1979","1938-2013","","25.1","1948","1938-2013","","23.4","1948","1938-2013","","12.7","1950","1938-2013","","48","2008","1955-2013",""
"-79.63","43.68","TORONTO LESTER B. PEARSON INT'L A","6158733","2","14","-1.4","-10.0","41.0","8.0","1984","1938-2013","","-23.3","1943","1938-2013","","21.3","1949","1938-2013","","21.3","1949","1938-2013","","21.1","1957","1938-2013","","48","2008","1955-2013",""
"-79.63","43.68","TORONTO LESTER B. PEARSON INT'L A","6158733","2","15","-1.2","-9.8","41.0","12.2","1954","1938-2013","","-31.1","1943","1938-2013","","21.2","1990","1938-2013","","16.0","2005","1938-2013","","14.0","1990","1938-2013","","48","2008","1955-2013",""
"-79.63","43.68","TORONTO LESTER B. PEARSON INT'L A","6158733","2","16","-1.1","-9.7","41.0","7.9","1999","1938-2013","","-23.9","1939","1938-2013","","19.8","1954","1938-2013","","13.0","1942","1938-2013","","19.8","1954","1938-2013","","48","2008","1955-2013",""
"-79.63","43.68","TORONTO LESTER B. PEARSON INT'L A","6158733","2","17","-1.0","-9.6","41.0","11.3","2011","1938-2013","","-26.8","1979","1938-2013","","27.2","1998","1938-2013","","25.4","1998","1938-2013","","11.2","1941","1938-2013","","45","2008","1955-2013",""
"-79.63","43.68","TORONTO LESTER B. PEARSON INT'L A","6158733","2","18","-0.9","-9.5","41.0","10.8","2011","1938-2013","","-27.7","1979","1938-2013","","14.2","1976","1938-2013","","14.2","1976","1938-2013","","8.2","2009","1938-2013","","23","1985","1955-2013",""
"-79.63","43.68","TORONTO LESTER B. PEARSON INT'L A","6158733","2","19","-0.7","-9.4","41.0","12.5","1994","1938-2013","","-28.3","1944","1938-2013","","37.1","1939","1938-2013","","23.9","1939","1938-2013","","13.2","1939","1938-2013","","23","1962","1955-2013",""
"-79.63","43.68","TORONTO LESTER B. PEARSON INT'L A","6158733","2","20","-0.6","-9.2","41.0","12.4","1994","1938-2013","","-25.6","1950","1938-2013","","12.2","2002","1938-2013","","12.2","2002","1938-2013","","8.9","1952","1938-2013","","23","1962","1955-2013",""
"-79.63","43.68","TORONTO LESTER B. PEARSON INT'L A","6158733","2","21","-0.5","-9.1","41.0","12.9","1997","1938-2013","","-20.0","1950","1938-2013","","28.4","1976","1938-2013","","24.9","1976","1938-2013","","24.9","1950","1938-2013","","20","1962","1955-2013",""
"-79.63","43.68","TORONTO LESTER B. PEARSON INT'L A","6158733","2","22","-0.3","-9.0","41.0","11.8","1981","1938-2013","","-20.0","1963","1938-2013","","31.0","1990","1938-2013","","31.0","1990","1938-2013","","11.4","1947","1938-2013","","25","1962","1955-2013",""
"-79.63","43.68","TORONTO LESTER B. PEARSON INT'L A","6158733","2","23","-0.1","-8.8","41.0","14.9","1984","1938-2013","","-19.4","1972","1938-2013","","22.3","1985","1938-2013","","22.3","1985","1938-2013","","15.7","1959","1938-2013","","24","1993","1955-2013",""
"-79.63","43.68","TORONTO LESTER B. PEARSON INT'L A","6158733","2","24","0.0","-8.7","41.0","11.7","1961","1938-2013","","-19.4","1993","1938-2013","","31.8","1975","1938-2013","","31.8","1975","1938-2013","","15.5","1962","1938-2013","","30","1962","1955-2013",""
"-79.63","43.68","TORONTO LESTER B. PEARSON INT'L A","6158733","2","25","0.2","-8.5","41.0","14.5","2002","1938-2013","","-23.9","1950","1938-2013","","55.9","1965","1938-2013","","14.0","2001","1938-2013","","39.9","1965","1938-2013","","30","1962","1955-2013",""
"-79.63","43.68","TORONTO LESTER B. PEARSON INT'L A","6158733","2","26","0.4","-8.3","41.0","11.1","2000","1938-2013","","-22.8","1940","1938-2013","","16.6","2013","1938-2013","","10.4","1962","1938-2013","","10.6","1979","1938-2013","","36","1965","1955-2013",""
"-79.63","43.68","TORONTO LESTER B. PEARSON INT'L A","6158733","2","27","0.6","-8.2","41.0","14.8","2000","1938-2013","","-25.6","1950","1938-2013","","21.0","2013","1938-2013","","11.2","1997","1938-2013","","12.4","2013","1938-2013","","30","1965","1955-2013",""
"-79.63","43.68","TORONTO LESTER B. PEARSON INT'L A","6158733","2","28","0.7","-8.0","41.0","11.1","1954","1938-2013","","-22.8","1938","1938-2013","","25.4","1948","1938-2013","","12.7","2011","1938-2013","","15.2","1948","1938-2013","","30","1965","1955-2013",""
"-79.63","43.68","TORONTO LESTER B. PEARSON INT'L A","6158733","2","29","0.7","-8.0","41.0","10.7","2004","1940-2012","","-23.9","1980","1940-2012","","5.2","2008","1940-2012","","1.2","2012","1940-2012","","4.8","2008","1940-2012","","23","1960","1956-2012",""
"-79.63","43.68","TORONTO LESTER B. PEARSON INT'L A","6158733","3","1","0.9","-7.8","40.0","13.2","2000","1938-2013","","-20.5","1980","1938-2013","","26.9","1972","1939-2013","","20.6","1954","1939-2013","","9.1","1947","1938-2013","","25","1965","1955-2013",""
"-79.63","43.68","TORONTO LESTER B. PEARSON INT'L A","6158733","3","2","1.1","-7.6","40.0","15.5","1991","1938-2013","","-23.0","1980","1938-2013","","31.5","1976","1939-2013","","8.4","1991","1939-2013","","11.9","1976","1939-2013","","26","2005","1955-2013",""
"-79.63","43.68","TORONTO LESTER B. PEARSON INT'L A","6158733","3","3","1.3","-7.4","40.0","16.1","1974","1938-2013","","-24.7","2003","1938-2013","","27.2","1953","1938-2013","","27.2","1953","1938-2013","","13.7","1944","1938-2013","","27","2005","1955-2013",""
"-79.63","43.68","TORONTO LESTER B. PEARSON INT'L A","6158733","3","4","1.5","-7.2","40.0","13.3","1974","1939-2013","","-28.9","1950","1938-2013","","31.4","1985","1938-2013","","29.5","1974","1938-2013","","24.4","1985","1938-2013","","27","2005","1955-2013",""
"-79.63","43.68","TORONTO LESTER B. PEARSON INT'L A","6158733","3","5","1.7","-7.1","40.0","18.5","2004","1938-2013","","-25.0","1948","1938-2013","","21.6","2011","1938-2013","","18.4","2011","1938-2013","","14.4","2001","1938-2013","","26","2005","1955-2013",""
"-79.63","43.68","TORONTO LESTER B. PEARSON INT'L A","6158733","3","6","1.9","-6.9","40.0","18.9","2009","1938-2013","","-27.8","1948","1938-2013","","29.5","1956","1938-2013","","29.5","1956","1938-2013","","16.5","1943","1938-2013","","23","2005","1955-2013",""
"-79.63","43.68","TORONTO LESTER B. PEARSON INT'L A","6158733","3","7","2.1","-6.7","40.0","16.7","1987","1938-2013","","-20.8","1984","1938-2013","","23.6","1995","1938-2013","","23.6","1995","1938-2013","","16.0","1956","1938-2013","","28","1972","1955-2013",""
"-79.63","43.68","TORONTO LESTER B. PEARSON INT'L A","6158733","3","8","2.3","-6.5","40.0","21.8","2000","1938-2013","","-23.2","1984","1938-2013","","28.7","1961","1938-2013","","21.1","1942","1938-2013","","17.8","1980","1938-2013","","20","1999","1955-2013",""
"-79.63","43.68","TORONTO LESTER B. PEARSON INT'L A","6158733","3","9","2.5","-6.3","40.0","21.4","2000","1938-2013","","-25.6","1943","1938-2013","","16.8","2006","1938-2013","","16.8","2006","1938-2013","","10.4","1942","1938-2013","","30","2008","1955-2013",""
"-79.63","43.68","TORONTO LESTER B. PEARSON INT'L A","6158733","3","10","2.8","-6.1","40.0","15.5","1977","1938-2013","","-16.7","2003","1938-2013","","30.5","1964","1938-2013","","24.6","1952","1938-2013","","32.3","1964","1938-2013","","28","2008","1955-2013",""
"-79.63","43.68","TORONTO LESTER B. PEARSON INT'L A","6158733","3","11","3.0","-6.0","40.0","17.7","2012","1938-2013","","-18.6","1984","1938-2013","","21.3","1973","1938-2013","","21.3","1973","1938-2013","","8.1","1941","1938-2013","","26","2008","1955-2013",""
"-79.63","43.68","TORONTO LESTER B. PEARSON INT'L A","6158733","3","12","3.2","-5.8","40.0","16.3","2006","1938-2013","","-21.7","1948","1938-2013","","21.6","2010","1938-2013","","21.6","2010","1938-2013","","26.4","1968","1938-2013","","25","2008","1955-2013",""
"-79.63","43.68","TORONTO LESTER B. PEARSON INT'L A","6158733","3","13","3.4","-5.6","40.0","21.4","1990","1938-2013","","-18.3","1948","1938-2013","","21.6","1961","1938-2013","","21.4","2006","1938-2013","","8.6","1963","1938-2013","","28","1968","1955-2013",""
"-79.63","43.68","TORONTO LESTER B. PEARSON INT'L A","6158733","3","14","3.6","-5.4","40.0","20.1","1995","1938-2013","","-17.4","1993","1938-2013","","23.6","1997","1938-2013","","20.6","1973","1938-2013","","16.5","1951","1938-2013","","25","1968","1955-2013",""
"-79.63","43.68","TORONTO LESTER B. PEARSON INT'L A","6158733","3","15","3.8","-5.2","40.0","20.9","1995","1938-2013","","-16.5","1993","1938-2013","","18.5","1953","1938-2013","","18.5","1953","1938-2013","","3.0","1967","1938-2013","","23","1972","1955-2013",""
"-79.63","43.68","TORONTO LESTER B. PEARSON INT'L A","6158733","3","16","4.1","-5.0","40.0","19.3","2012","1938-2013","","-17.2","1950","1938-2013","","41.7","1942","1938-2013","","41.7","1942","1938-2013","","14.2","1960","1938-2013","","18","1972","1955-2013",""
"-79.63","43.68","TORONTO LESTER B. PEARSON INT'L A","6158733","3","17","4.3","-4.8","40.0","19.4","1945","1938-2013","","-19.4","1950","1938-2013","","39.6","1973","1938-2013","","31.8","1973","1938-2013","","16.3","1950","1938-2013","","18","1960","1955-2013",""
"-79.63","43.68","TORONTO LESTER B. PEARSON INT'L A","6158733","3","18","4.5","-4.6","40.0","19.9","2012","1938-2013","","-22.8","1967","1938-2013","","18.8","1983","1938-2013","","18.8","1983","1938-2013","","6.4","1977","1938-2013","","18","1960","1955-2013",""
"-79.63","43.68","TORONTO LESTER B. PEARSON INT'L A","6158733","3","19","4.7","-4.4","40.0","22.8","2012","1938-2013","","-20.0","1939","1938-2013","","19.3","1948","1939-2013","","19.3","1948","1939-2013","","10.4","1971","1938-2013","","15","1960","1955-2013",""
"-79.63","43.68","TORONTO LESTER B. PEARSON INT'L A","6158733","3","20","5.0","-4.2","40.0","21.9","2012","1938-2013","","-20.0","1949","1938-2013","","14.2","1996","1939-2013","","12.2","1945","1939-2013","","11.4","1996","1938-2013","","10","1972","1955-2013",""
"-79.63","43.68","TORONTO LESTER B. PEARSON INT'L A","6158733","3","21","5.2","-4.1","40.0","23.3","2012","1938-2013","","-16.1","1939","1938-2013","","30.8","1980","1938-2013","","29.8","1980","1938-2013","","15.2","1998","1938-2013","","11","1989","1955-2013",""
"-79.63","43.68","TORONTO LESTER B. PEARSON INT'L A","6158733","3","22","5.4","-3.9","40.0","26.0","2012","1938-2013","","-16.7","1939","1938-2013","","14.5","1949","1938-2013","","14.5","1949","1938-2013","","4.8","1984","1938-2013","","17","1998","1955-2013",""
"-79.63","43.68","TORONTO LESTER B. PEARSON INT'L A","6158733","3","23","5.6","-3.7","40.0","19.0","1988","1938-2013","","-18.9","1940","1938-2013","","13.2","1951","1938-2013","","13.2","1951","1938-2013","","12.6","2011","1938-2013","","15","1998","1955-2013",""
"-79.63","43.68","TORONTO LESTER B. PEARSON INT'L A","6158733","3","24","5.9","-3.5","40.0","18.3","1963","1938-2013","","-17.8","1940","1938-2013","","14.7","1947","1938-2013","","14.7","1947","1938-2013","","2.4","1985","1938-2013","","12","1998","1955-2013",""
"-79.63","43.68","TORONTO LESTER B. PEARSON INT'L A","6158733","3","25","6.1","-3.3","40.0","20.9","2000","1938-2013","","-15.8","1983","1938-2013","","21.6","1954","1938-2013","","21.6","1954","1938-2013","","10.7","1955","1938-2013","","10","1972","1955-2013",""
"-79.63","43.68","TORONTO LESTER B. PEARSON INT'L A","6158733","3","26","6.4","-3.1","40.0","20.3","2007","1938-2013","","-15.6","1960","1938-2013","","13.5","1955","1938-2013","","12.4","1950","1938-2013","","13.5","1955","1938-2013","","10","1955","1955-2013",""
"-79.63","43.68","TORONTO LESTER B. PEARSON INT'L A","6158733","3","27","6.6","-2.9","40.0","22.6","1998","1938-2013","","-11.4","1982","1938-2013","","40.8","1991","1938-2013","","40.8","1991","1938-2013","","4.3","1940","1938-2013","","23","1955","1955-2013",""
"-79.63","43.68","TORONTO LESTER B. PEARSON INT'L A","6158733","3","28","6.8","-2.7","40.0","25.6","1945","1938-2013","","-11.0","1982","1938-2013","","12.1","1985","1938-2013","","12.1","1985","1938-2013","","3.3","1956","1938-2013","","23","1955","1955-2013",""
"-79.63","43.68","TORONTO LESTER B. PEARSON INT'L A","6158733","3","29","7.1","-2.5","40.0","24.4","1946","1938-2013","","-13.3","1959","1938-2013","","22.6","2009","1938-2013","","22.6","2009","1938-2013","","7.6","1939","1938-2013","","15","1955","1955-2013",""
"-79.63","43.68","TORONTO LESTER B. PEARSON INT'L A","6158733","3","30","7.3","-2.3","40.0","25.3","1998","1938-2013","","-12.2","1954","1938-2013","","20.8","1939","1938-2013","","17.3","1951","1938-2013","","8.4","1939","1938-2013","","3","1959","1955-2013",""
"-79.63","43.68","TORONTO LESTER B. PEARSON INT'L A","6158733","3","31","7.6","-2.1","40.0","25.4","1998","1938-2013","","-10.6","1965","1938-2013","","25.7","1945","1938-2013","","25.7","1945","1938-2013","","12.4","1987","1938-2013","","6","1987","1955-2013",""
"-79.63","43.68","TORONTO LESTER B. PEARSON INT'L A","6158733","4","1","7.8","-1.9","42.0","25.8","1986","1938-2013","","-8.3","1964","1938-2013","","18.8","1993","1938-2013","","18.8","1993","1938-2013","","13.0","1961","1938-2013","","12","1987","1955-2013",""
"-79.63","43.68","TORONTO LESTER B. PEARSON INT'L A","6158733","4","2","8.1","-1.7","42.0","24.3","2010","1938-2013","","-6.1","1962","1938-2013","","29.5","1967","1938-2013","","29.5","1967","1938-2013","","9.6","2002","1938-2013","","11","1987","1955-2013",""
"-79.63","43.68","TORONTO LESTER B. PEARSON INT'L A","6158733","4","3","8.3","-1.5","42.0","22.2","1981","1938-2013","","-12.2","1954","1938-2013","","40.2","2009","1938-2013","","40.2","2009","1938-2013","","17.5","1975","1938-2013","","10","1975","1955-2013",""
"-79.63","43.68","TORONTO LESTER B. PEARSON INT'L A","6158733","4","4","8.6","-1.3","42.0","23.1","1981","1938-2013","","-11.7","1954","1938-2013","","18.0","1968","1938-2013","","18.0","1968","1938-2013","","7.5","1979","1938-2013","","13","1975","1955-2013",""
"-79.63","43.68","TORONTO LESTER B. PEARSON INT'L A","6158733","4","5","8.8","-1.2","42.0","23.1","2010","1938-2013","","-9.4","1975","1938-2013","","22.1","1941","1938-2013","","22.1","1941","1938-2013","","2.0","2003","1938-2013","","13","1975","1955-2013",""
"-79.63","43.68","TORONTO LESTER B. PEARSON INT'L A","6158733","4","6","9.1","-1.0","42.0","22.5","1997","1938-2013","","-11.7","1972","1938-2013","","18.3","1958","1938-2013","","17.5","1942","1938-2013","","10.4","1994","1938-2013","","13","1975","1955-2013",""
"-79.63","43.68","TORONTO LESTER B. PEARSON INT'L A","6158733","4","7","9.3","-0.8","42.0","27.6","1991","1938-2013","","-17.2","1972","1938-2013","","15.2","1956","1938-2013","","14.4","2010","1938-2013","","14.0","1967","1938-2013","","12","1994","1955-2013",""
"-79.63","43.68","TORONTO LESTER B. PEARSON INT'L A","6158733","4","8","9.6","-0.6","42.0","25.2","2001","1938-2013","","-13.3","1972","1938-2013","","34.6","1991","1938-2013","","34.6","1991","1938-2013","","12.9","1979","1938-2013","","10","2003","1955-2013",""
"-79.63","43.68","TORONTO LESTER B. PEARSON INT'L A","6158733","4","9","9.8","-0.4","42.0","21.1","1955","1938-2013","","-9.4","1972","1938-2013","","20.3","1944","1938-2013","","20.3","1944","1938-2013","","4.1","1942","1938-2013","","12","1979","1955-2013",""
"-79.63","43.68","TORONTO LESTER B. PEARSON INT'L A","6158733","4","10","10.1","-0.2","42.0","23.3","1955","1938-2013","","-7.2","1938","1938-2013","","26.7","1939","1938-2013","","19.0","1990","1938-2013","","26.7","1939","1938-2013","","12","1979","1955-2013",""
"-79.63","43.68","TORONTO LESTER B. PEARSON INT'L A","6158733","4","11","10.3","0.1","42.0","26.8","1977","1938-2013","","-7.2","1970","1938-2013","","55.8","1992","1938-2013","","55.8","1992","1938-2013","","6.6","1944","1938-2013","","4","1979","1955-2013",""
"-79.63","43.68","TORONTO LESTER B. PEARSON INT'L A","6158733","4","12","10.6","0.3","42.0","25.8","2001","1938-2013","","-14.3","1990","1938-2013","","41.7","1951","1938-2013","","41.7","1951","1938-2013","","2.2","1997","1938-2013","","4","2000","1955-2013",""
"-79.63","43.68","TORONTO LESTER B. PEARSON INT'L A","6158733","4","13","10.9","0.5","42.0","27.1","1977","1938-2013","","-8.9","1950","1938-2013","","18.6","1996","1938-2013","","18.6","1996","1938-2013","","9.1","1962","1938-2013","","3","1962","1955-2013",""
"-79.63","43.68","TORONTO LESTER B. PEARSON INT'L A","6158733","4","14","11.1","0.7","42.0","23.9","1938","1938-2013","","-7.8","1940","1938-2013","","32.8","1980","1938-2013","","32.5","1980","1938-2013","","3.6","1939","1938-2013","","0","1955","1955-2013",""
"-79.63","43.68","TORONTO LESTER B. PEARSON INT'L A","6158733","4","15","11.4","0.9","42.0","27.5","2003","1938-2013","","-7.8","1943","1938-2013","","30.0","1954","1938-2013","","30.0","1954","1938-2013","","10.2","1947","1938-2013","","0","1955","1955-2013",""
"-79.63","43.68","TORONTO LESTER B. PEARSON INT'L A","6158733","4","16","11.6","1.1","42.0","29.6","2002","1938-2013","","-5.6","1980","1938-2013","","38.8","1992","1938-2013","","38.8","1992","1938-2013","","5.1","1961","1938-2013","","0","1955","1955-2013",""
"-79.63","43.68","TORONTO LESTER B. PEARSON INT'L A","6158733","4","17","11.9","1.3","42.0","28.5","2002","1938-2013","","-11.1","1965","1938-2013","","29.7","1939","1938-2013","","29.7","1939","1938-2013","","9.4","1965","1938-2013","","3","1961","1955-2013",""
"-79.63","43.68","TORONTO LESTER B. PEARSON INT'L A","6158733","4","18","12.1","1.5","42.0","28.3","1976","1938-2013","","-11.1","1965","1938-2013","","35.8","1969","1938-2013","","35.8","1969","1938-2013","","4.8","1947","1938-2013","","5","1965","1955-2013",""
"-79.63","43.68","TORONTO LESTER B. PEARSON INT'L A","6158733","4","19","12.4","1.7","42.0","27.5","2005","1938-2013","","-3.9","1946","1938-2013","","22.6","1943","1938-2013","","22.6","1943","1938-2013","","0.2","1997","1938-2013","","0","1955","1955-2013",""
"-79.63","43.68","TORONTO LESTER B. PEARSON INT'L A","6158733","4","20","12.6","1.9","42.0","26.7","1957","1938-2013","","-5.4","1981","1938-2013","","38.8","2000","1938-2013","","38.8","2000","1938-2013","","2.2","1978","1938-2013","","1","1983","1955-2013",""
"-79.63","43.68","TORONTO LESTER B. PEARSON INT'L A","6158733","4","21","12.9","2.1","42.0","29.2","1985","1938-2013","","-6.9","1981","1938-2013","","34.2","1995","1938-2013","","34.2","1995","1938-2013","","6.9","1945","1938-2013","","0","1955","1955-2013",""
"-79.63","43.68","TORONTO LESTER B. PEARSON INT'L A","6158733","4","22","13.2","2.3","42.0","30.3","1985","1938-2013","","-4.7","1986","1938-2013","","20.2","1999","1938-2013","","20.2","1999","1938-2013","","2.4","2002","1938-2013","","1","2002","1955-2013",""
"-79.63","43.68","TORONTO LESTER B. PEARSON INT'L A","6158733","4","23","13.4","2.5","42.0","27.2","2001","1938-2013","","-5.0","1938","1938-2013","","22.8","1977","1938-2013","","22.8","1977","1938-2013","","6.9","1963","1938-2013","","0","1955","1955-2013",""
"-79.63","43.68","TORONTO LESTER B. PEARSON INT'L A","6158733","4","24","13.7","2.7","42.0","28.3","1942","1938-2013","","-3.9","1956","1938-2013","","19.1","1957","1938-2013","","19.1","1957","1938-2013","","0.3","1971","1938-2013","","0","1955","1955-2013",""
"-79.63","43.68","TORONTO LESTER B. PEARSON INT'L A","6158733","4","25","13.9","2.9","42.0","31.1","1990","1938-2013","","-5.6","1956","1938-2013","","26.7","1976","1938-2013","","22.9","1953","1938-2013","","7.9","1976","1938-2013","","0","1955","1955-2013",""
"-79.63","43.68","TORONTO LESTER B. PEARSON INT'L A","6158733","4","26","14.2","3.1","42.0","30.4","1990","1938-2013","","-3.9","1967","1938-2013","","20.6","1945","1938-2013","","20.1","1945","1938-2013","","7.4","1976","1938-2013","","10","1976","1955-2013",""
"-79.63","43.68","TORONTO LESTER B. PEARSON INT'L A","6158733","4","27","14.4","3.3","42.0","30.3","1990","1938-2013","","-3.3","1966","1938-2013","","21.3","1973","1938-2013","","21.3","1973","1938-2013","","1.3","1966","1938-2013","","0","1955","1955-2013",""
"-79.63","43.68","TORONTO LESTER B. PEARSON INT'L A","6158733","4","28","14.7","3.5","42.0","28.3","1938","1938-2013","","-4.4","1947","1938-2013","","28.7","1959","1938-2013","","28.7","1959","1938-2013","","0.6","1994","1938-2013","","0","1955","1955-2013",""
"-79.63","43.68","TORONTO LESTER B. PEARSON INT'L A","6158733","4","29","15.0","3.7","42.0","26.1","1942","1938-2013","","-3.3","1968","1938-2013","","17.5","1964","1938-2013","","17.5","1964","1938-2013","","0.0","1938","1938-2013","","0","1955","1955-2013",""
"-79.63","43.68","TORONTO LESTER B. PEARSON INT'L A","6158733","4","30","15.2","3.9","42.0","26.7","1941","1938-2013","","-5.3","1978","1938-2013","","23.4","2009","1938-2013","","23.4","2009","1938-2013","","1.8","1963","1938-2013","","0","1955","1955-2013",""
"-79.63","43.68","TORONTO LESTER B. PEARSON INT'L A","6158733","5","1","15.5","4.1","40.0","27.8","1970","1938-2013","","-2.6","1978","1938-2013","","19.6","1953","1938-2013","","19.6","1953","1938-2013","","0.0","1938","1938-2013","","0","1955","1955-2013",""
"-79.63","43.68","TORONTO LESTER B. PEARSON INT'L A","6158733","5","2","15.7","4.3","40.0","29.8","2001","1938-2013","","-2.8","1974","1938-2013","","42.6","1992","1938-2013","","42.6","1992","1938-2013","","0.0","1938","1938-2013","","0","1955","1955-2013",""
"-79.63","43.68","TORONTO LESTER B. PEARSON INT'L A","6158733","5","3","16.0","4.5","40.0","30.6","2001","1938-2013","","-3.0","1986","1938-2013","","23.0","1997","1938-2013","","23.0","1997","1938-2013","","0.0","1938","1938-2013","","0","1955","1955-2013",""
"-79.63","43.68","TORONTO LESTER B. PEARSON INT'L A","6158733","5","4","16.2","4.6","40.0","32.2","1949","1938-2013","","-2.8","1978","1938-2013","","18.8","1984","1938-2013","","18.8","1984","1938-2013","","0.0","1938","1938-2013","","0","1955","1955-2013",""
"-79.63","43.68","TORONTO LESTER B. PEARSON INT'L A","6158733","5","5","16.5","4.8","40.0","30.6","1949","1938-2013","","-3.9","1968","1938-2013","","21.4","2003","1938-2013","","21.4","2003","1938-2013","","0.0","1938","1938-2013","","0","1955","1955-2013",""
"-79.63","43.68","TORONTO LESTER B. PEARSON INT'L A","6158733","5","6","16.7","5.0","40.0","32.8","1949","1938-2013","","-3.9","1968","1938-2013","","36.6","1976","1938-2013","","36.6","1976","1938-2013","","0.0","1938","1938-2013","","0","1955","1955-2013",""
"-79.63","43.68","TORONTO LESTER B. PEARSON INT'L A","6158733","5","7","16.9","5.2","40.0","29.4","1939","1938-2013","","-5.6","1966","1938-2013","","26.0","2010","1938-2013","","26.0","2010","1938-2013","","2.3","1976","1938-2013","","0","1955","1955-2013",""
"-79.63","43.68","TORONTO LESTER B. PEARSON INT'L A","6158733","5","8","17.2","5.4","40.0","27.7","2007","1938-2013","","-3.3","1966","1938-2013","","22.4","1960","1938-2013","","22.4","1960","1938-2013","","0.0","1938","1938-2013","","0","1955","1955-2013",""
"-79.63","43.68","TORONTO LESTER B. PEARSON INT'L A","6158733","5","9","17.4","5.6","40.0","30.1","1979","1938-2013","","-2.2","1966","1938-2013","","20.1","1956","1938-2013","","20.1","1956","1938-2013","","0.0","1938","1938-2013","","0","1955","1955-2013",""
"-79.63","43.68","TORONTO LESTER B. PEARSON INT'L A","6158733","5","10","17.6","5.8","40.0","29.4","1953","1938-2013","","-3.9","1947","1938-2013","","20.6","1963","1938-2013","","20.6","1963","1938-2013","","0.0","1938","1938-2013","","0","1955","1955-2013",""
"-79.63","43.68","TORONTO LESTER B. PEARSON INT'L A","6158733","5","11","17.9","6.0","40.0","29.6","1987","1938-2013","","-4.4","1966","1938-2013","","42.7","1943","1938-2013","","42.7","1943","1938-2013","","0.0","1938","1938-2013","","0","1955","1955-2013",""
"-79.63","43.68","TORONTO LESTER B. PEARSON INT'L A","6158733","5","12","18.1","6.2","40.0","29.2","1991","1938-2013","","-2.2","1939","1938-2013","","59.4","2000","1938-2013","","59.4","2000","1938-2013","","0.5","1966","1938-2013","","0","1955","1955-2013",""
"-79.63","43.68","TORONTO LESTER B. PEARSON INT'L A","6158733","5","13","18.3","6.4","40.0","29.2","1991","1938-2013","","-1.7","1967","1938-2013","","19.8","1964","1938-2013","","19.8","1964","1938-2013","","0.0","1938","1938-2013","","0","1955","1955-2013",""
"-79.63","43.68","TORONTO LESTER B. PEARSON INT'L A","6158733","5","14","18.5","6.5","40.0","30.0","1962","1938-2013","","-1.1","1938","1938-2013","","27.2","2011","1938-2013","","27.2","2011","1938-2013","","0.0","1938","1938-2013","","0","1955","1955-2013",""
"-79.63","43.68","TORONTO LESTER B. PEARSON INT'L A","6158733","5","15","18.7","6.7","40.0","33.3","1962","1938-2013","","0.4","1984","1938-2013","","50.3","1942","1938-2013","","50.3","1942","1938-2013","","0.3","1959","1938-2013","","0","1955","1955-2013",""
"-79.63","43.68","TORONTO LESTER B. PEARSON INT'L A","6158733","5","16","18.9","6.9","40.0","34.4","1962","1938-2013","","-0.6","1957","1938-2013","","53.1","1974","1938-2013","","53.1","1974","1938-2013","","0.0","1938","1938-2013","","0","1955","1955-2013",""
"-79.63","43.68","TORONTO LESTER B. PEARSON INT'L A","6158733","5","17","19.1","7.1","40.0","34.4","1962","1938-2013","","-1.6","1983","1938-2013","","22.4","1945","1938-2013","","22.4","1945","1938-2013","","0.0","1938","1938-2013","","0","1955","1955-2013",""
"-79.63","43.68","TORONTO LESTER B. PEARSON INT'L A","6158733","5","18","19.3","7.3","40.0","33.9","1962","1938-2013","","-1.0","1981","1938-2013","","37.1","1969","1938-2013","","37.1","1969","1938-2013","","0.0","1938","1938-2013","","0","1955","1955-2013",""
"-79.63","43.68","TORONTO LESTER B. PEARSON INT'L A","6158733","5","19","19.5","7.5","40.0","32.2","1962","1938-2013","","-1.1","1973","1938-2013","","22.6","1957","1938-2013","","22.6","1957","1938-2013","","0.0","1938","1938-2013","","0","1955","1955-2013",""
"-79.63","43.68","TORONTO LESTER B. PEARSON INT'L A","6158733","5","20","19.7","7.6","40.0","32.2","1962","1938-2013","","-0.1","2002","1938-2013","","32.4","1996","1938-2013","","32.4","1996","1938-2013","","0.0","1938","1938-2013","","0","1955","1955-2013",""
"-79.63","43.68","TORONTO LESTER B. PEARSON INT'L A","6158733","5","21","19.9","7.8","40.0","32.2","1941","1938-2013","","-0.6","1967","1938-2013","","23.4","1953","1938-2013","","23.4","1953","1938-2013","","0.0","1938","1938-2013","","0","1955","1955-2013",""
"-79.63","43.68","TORONTO LESTER B. PEARSON INT'L A","6158733","5","22","20.1","8.0","40.0","31.1","1964","1938-2013","","0.6","1967","1938-2013","","36.3","1942","1938-2013","","36.3","1942","1938-2013","","0.0","1938","1938-2013","","0","1955","1955-2013",""
"-79.63","43.68","TORONTO LESTER B. PEARSON INT'L A","6158733","5","23","20.2","8.2","40.0","31.7","1964","1938-2013","","-0.6","1967","1938-2013","","25.7","1938","1938-2013","","25.7","1938","1938-2013","","0.0","1938","1938-2013","","0","1955","1955-2013",""
"-79.63","43.68","TORONTO LESTER B. PEARSON INT'L A","6158733","5","24","20.4","8.3","40.0","31.0","2007","1938-2013","","-1.7","1963","1938-2013","","30.7","1952","1938-2013","","30.7","1952","1938-2013","","0.0","1938","1938-2013","","0","1955","1955-2013",""
"-79.63","43.68","TORONTO LESTER B. PEARSON INT'L A","6158733","5","25","20.6","8.5","40.0","31.3","2012","1938-2013","","-1.7","1956","1938-2013","","34.3","1953","1938-2013","","34.3","1953","1938-2013","","0.5","1961","1938-2013","","0","1955","1955-2013",""
"-79.63","43.68","TORONTO LESTER B. PEARSON INT'L A","6158733","5","26","20.8","8.7","40.0","31.7","2010","1938-2013","","-0.6","1969","1938-2013","","24.2","1991","1938-2013","","24.2","1991","1938-2013","","0.0","1938","1938-2013","","0","1955","1955-2013",""
"-79.63","43.68","TORONTO LESTER B. PEARSON INT'L A","6158733","5","27","20.9","8.9","40.0","31.7","1939","1938-2013","","0.6","1969","1938-2013","","17.0","1941","1938-2013","","17.0","1941","1938-2013","","0.0","1938","1938-2013","","0","1955","1955-2013",""
"-79.63","43.68","TORONTO LESTER B. PEARSON INT'L A","6158733","5","28","21.1","9.0","40.0","32.5","1987","1938-2013","","-0.6","1949","1938-2013","","35.6","1995","1938-2013","","35.6","1995","1938-2013","","0.0","1938","1938-2013","","0","1955","1955-2013",""
"-79.63","43.68","TORONTO LESTER B. PEARSON INT'L A","6158733","5","29","21.2","9.2","40.0","34.1","2006","1938-2013","","1.7","1966","1938-2013","","21.2","1991","1938-2013","","21.2","1991","1938-2013","","0.0","1938","1938-2013","","0","1955","1955-2013",""
"-79.63","43.68","TORONTO LESTER B. PEARSON INT'L A","6158733","5","30","21.4","9.4","40.0","33.0","1987","1938-2013","","0.6","1965","1938-2013","","43.2","1942","1938-2013","","43.2","1942","1938-2013","","0.0","1938","1938-2013","","0","1955","1955-2013",""
"-79.63","43.68","TORONTO LESTER B. PEARSON INT'L A","6158733","5","31","21.6","9.5","40.0","31.1","1944","1938-2013","","1.6","1997","1938-2013","","92.7","1944","1938-2013","","92.7","1944","1938-2013","","0.0","1938","1938-2013","","0","1955","1955-2013",""
"-79.63","43.68","TORONTO LESTER B. PEARSON INT'L A","6158733","6","1","21.7","9.7","36.0","28.3","1948","1938-2013","","1.1","1945","1938-2013","","40.6","1947","1938-2013","","40.6","1947","1938-2013","","0.0","1938","1938-2013","","0","1955","1955-2013",""
"-79.63","43.68","TORONTO LESTER B. PEARSON INT'L A","6158733","6","2","21.9","9.9","36.0","29.4","1943","1938-2013","","1.7","1964","1938-2013","","33.2","2010","1938-2013","","33.2","2010","1938-2013","","0.0","1938","1938-2013","","0","1955","1955-2013",""
"-79.63","43.68","TORONTO LESTER B. PEARSON INT'L A","6158733","6","3","22.0","10.0","36.0","31.7","1949","1938-2013","","1.4","1977","1938-2013","","11.4","2006","1938-2013","","11.4","2006","1938-2013","","0.0","1938","1938-2013","","0","1955","1955-2013",""
"-79.63","43.68","TORONTO LESTER B. PEARSON INT'L A","6158733","6","4","22.1","10.2","36.0","31.7","1943","1938-2013","","1.1","1938","1938-2013","","18.0","2003","1938-2013","","18.0","2003","1938-2013","","0.0","1938","1938-2013","","0","1955","1955-2013",""
"-79.63","43.68","TORONTO LESTER B. PEARSON INT'L A","6158733","6","5","22.3","10.4","36.0","30.0","1940","1938-2013","","0.6","1964","1938-2013","","23.4","1982","1938-2013","","23.4","1982","1938-2013","","0.0","1938","1938-2013","","0","1955","1955-2013",""
"-79.63","43.68","TORONTO LESTER B. PEARSON INT'L A","6158733","6","6","22.4","10.5","36.0","33.0","2008","1938-2013","","3.3","1964","1938-2013","","33.8","1963","1938-2013","","33.8","1963","1938-2013","","0.0","1938","1938-2013","","0","1955","1955-2013",""
"-79.63","43.68","TORONTO LESTER B. PEARSON INT'L A","6158733","6","7","22.6","10.7","36.0","33.6","1999","1938-2013","","2.2","1958","1938-2013","","37.8","1967","1938-2013","","37.8","1967","1938-2013","","0.0","1938","1938-2013","","0","1955","1955-2013",""
"-79.63","43.68","TORONTO LESTER B. PEARSON INT'L A","6158733","6","8","22.7","10.8","36.0","33.4","2011","1938-2013","","0.6","1949","1938-2013","","17.6","2003","1938-2013","","17.6","2003","1938-2013","","0.0","1938","1938-2013","","0","1955","1955-2013",""
"-79.63","43.68","TORONTO LESTER B. PEARSON INT'L A","6158733","6","9","22.9","11.0","36.0","34.1","2008","1938-2013","","2.0","1980","1938-2013","","31.5","1966","1938-2013","","31.5","1966","1938-2013","","0.0","1938","1938-2013","","0","1955","1955-2013",""
"-79.63","43.68","TORONTO LESTER B. PEARSON INT'L A","6158733","6","10","23.0","11.1","36.0","32.8","1959","1938-2013","","1.7","1972","1938-2013","","29.7","1962","1938-2013","","29.7","1962","1938-2013","","0.0","1938","1938-2013","","0","1955","1955-2013",""
"-79.63","43.68","TORONTO LESTER B. PEARSON INT'L A","6158733","6","11","23.1","11.3","36.0","33.3","1949","1938-2013","","0.6","1972","1938-2013","","21.8","1955","1938-2013","","21.8","1955","1938-2013","","0.0","1938","1938-2013","","0","1955","1955-2013",""
"-79.63","43.68","TORONTO LESTER B. PEARSON INT'L A","6158733","6","12","23.3","11.4","36.0","32.4","2007","1938-2013","","2.7","1980","1938-2013","","21.1","1954","1938-2013","","21.1","1954","1938-2013","","0.0","1938","1938-2013","","0","1955","1955-2013",""
"-79.63","43.68","TORONTO LESTER B. PEARSON INT'L A","6158733","6","13","23.4","11.6","36.0","33.9","1956","1938-2013","","4.4","1965","1938-2013","","53.8","2000","1938-2013","","53.8","2000","1938-2013","","0.0","1938","1938-2013","","0","1955","1955-2013",""
"-79.63","43.68","TORONTO LESTER B. PEARSON INT'L A","6158733","6","14","23.6","11.7","36.0","34.9","1987","1938-2012","","4.4","1959","1938-2012","","18.0","2005","1938-2012","","18.0","2005","1938-2012","","0.0","1938","1938-2012","","0","1955","1955-2012",""
"-79.63","43.68","TORONTO LESTER B. PEARSON INT'L A","6158733","6","15","23.7","11.9","36.0","33.6","1991","1938-2012","","5.4","1985","1938-2012","","22.9","1974","1938-2012","","22.9","1974","1938-2012","","0.0","1938","1938-2012","","0","1955","1955-2012",""
"-79.63","43.68","TORONTO LESTER B. PEARSON INT'L A","6158733","6","16","23.8","12.0","36.0","32.7","1994","1938-2012","","2.8","1964","1938-2012","","16.2","2010","1938-2012","","16.2","2010","1938-2012","","0.0","1938","1938-2012","","0","1955","1955-2012",""
"-79.63","43.68","TORONTO LESTER B. PEARSON INT'L A","6158733","6","17","24.0","12.1","36.0","33.9","1957","1938-2012","","2.3","1980","1938-2012","","27.4","1954","1938-2012","","27.4","1954","1938-2012","","0.0","1938","1938-2012","","0","1955","1955-2012",""
"-79.63","43.68","TORONTO LESTER B. PEARSON INT'L A","6158733","6","18","24.1","12.3","36.0","36.2","1994","1938-2012","","2.8","1950","1938-2012","","25.4","1944","1938-2012","","25.4","1944","1938-2012","","0.0","1938","1938-2012","","0","1955","1955-2012",""
"-79.63","43.68","TORONTO LESTER B. PEARSON INT'L A","6158733","6","19","24.2","12.4","36.0","35.5","1995","1938-2012","","4.4","1970","1938-2012","","33.5","1961","1938-2012","","33.5","1961","1938-2012","","0.0","1938","1938-2012","","0","1955","1955-2012",""
"-79.63","43.68","TORONTO LESTER B. PEARSON INT'L A","6158733","6","20","24.4","12.5","36.0","34.6","2012","1938-2012","","3.3","1940","1938-2012","","14.4","2009","1938-2012","","14.4","2009","1938-2012","","0.0","1938","1938-2012","","0","1955","1955-2012",""
"-79.63","43.68","TORONTO LESTER B. PEARSON INT'L A","6158733","6","21","24.5","12.7","36.0","34.4","2012","1938-2012","","3.3","1969","1938-2012","","39.3","1993","1938-2012","","39.3","1993","1938-2012","","0.0","1938","1938-2012","","0","1955","1955-2012",""
"-79.63","43.68","TORONTO LESTER B. PEARSON INT'L A","6158733","6","22","24.6","12.8","36.0","33.0","1998","1938-2012","","4.4","1940","1938-2012","","40.4","1941","1938-2012","","40.4","1941","1938-2012","","0.0","1938","1938-2012","","0","1955","1955-2012",""
"-79.63","43.68","TORONTO LESTER B. PEARSON INT'L A","6158733","6","23","24.8","12.9","36.0","32.8","1983","1938-2012","","4.6","1992","1938-2012","","21.2","2011","1938-2012","","21.2","2011","1938-2012","","0.0","1938","1938-2012","","0","1955","1955-2012",""
"-79.63","43.68","TORONTO LESTER B. PEARSON INT'L A","6158733","6","24","24.9","13.1","36.0","35.6","1952","1938-2012","","7.1","1979","1938-2012","","27.2","1994","1938-2012","","27.2","1994","1938-2012","","0.0","1938","1938-2012","","0","1955","1955-2012",""
"-79.63","43.68","TORONTO LESTER B. PEARSON INT'L A","6158733","6","25","25.0","13.2","36.0","36.7","1952","1938-2012","","6.1","1965","1938-2012","","33.5","1977","1938-2012","","33.5","1977","1938-2012","","0.0","1938","1938-2012","","0","1955","1955-2012",""
"-79.63","43.68","TORONTO LESTER B. PEARSON INT'L A","6158733","6","26","25.2","13.3","36.0","36.1","1949","1938-2012","","5.6","1965","1938-2012","","17.8","1956","1938-2012","","17.8","1956","1938-2012","","0.0","1938","1938-2012","","0","1955","1955-2012",""
"-79.63","43.68","TORONTO LESTER B. PEARSON INT'L A","6158733","6","27","25.3","13.4","36.0","35.0","1941","1938-2012","","7.8","1938","1938-2012","","53.2","2010","1938-2012","","53.2","2010","1938-2012","","0.0","1938","1938-2012","","0","1955","1955-2012",""
"-79.63","43.68","TORONTO LESTER B. PEARSON INT'L A","6158733","6","28","25.4","13.5","36.0","34.4","1944","1938-2012","","7.2","1940","1938-2012","","43.9","1957","1938-2012","","43.9","1957","1938-2012","","0.0","1938","1938-2012","","0","1955","1955-2012",""
"-79.63","43.68","TORONTO LESTER B. PEARSON INT'L A","6158733","6","29","25.6","13.6","36.0","33.3","1945","1938-2012","","5.0","1988","1938-2012","","26.0","2000","1938-2012","","26.0","2000","1938-2012","","0.0","1938","1938-2012","","0","1955","1955-2012",""
"-79.63","43.68","TORONTO LESTER B. PEARSON INT'L A","6158733","6","30","25.7","13.8","36.0","35.0","1964","1938-2012","","7.8","1943","1938-2012","","26.0","1998","1938-2012","","26.0","1998","1938-2012","","0.0","1938","1938-2012","","0","1955","1955-2012",""
"-79.63","43.68","TORONTO LESTER B. PEARSON INT'L A","6158733","7","1","25.8","13.9","34.0","35.6","1963","1938-2012","","6.7","1943","1938-2012","","33.0","1956","1938-2012","","33.0","1956","1938-2012","","0.0","1938","1938-2012","","0","1955","1955-2012",""
"-79.63","43.68","TORONTO LESTER B. PEARSON INT'L A","6158733","7","2","25.9","14.0","34.0","35.3","2002","1938-2012","","5.6","1945","1938-2012","","31.3","1985","1938-2012","","31.3","1985","1938-2012","","0.0","1938","1938-2012","","0","1955","1955-2012",""
"-79.63","43.68","TORONTO LESTER B. PEARSON INT'L A","6158733","7","3","26.0","14.1","34.0","35.6","1949","1938-2012","","6.7","1942","1938-2012","","33.0","1974","1938-2012","","33.0","1974","1938-2012","","0.0","1938","1938-2012","","0","1955","1955-2012",""
"-79.63","43.68","TORONTO LESTER B. PEARSON INT'L A","6158733","7","4","26.2","14.2","34.0","36.3","2012","1938-2012","","5.0","1968","1938-2012","","32.8","1951","1938-2012","","32.8","1951","1938-2012","","0.0","1938","1938-2012","","0","1955","1955-2012",""
"-79.63","43.68","TORONTO LESTER B. PEARSON INT'L A","6158733","7","5","26.3","14.3","34.0","35.0","1999","1938-2012","","5.6","1972","1938-2012","","32.8","1971","1938-2012","","32.8","1971","1938-2012","","0.0","1938","1938-2012","","0","1955","1955-2012",""
"-79.63","43.68","TORONTO LESTER B. PEARSON INT'L A","6158733","7","6","26.4","14.4","34.0","36.3","2012","1938-2012","","5.6","1965","1938-2012","","25.4","1977","1938-2012","","25.4","1977","1938-2012","","0.0","1938","1938-2012","","0","1955","1955-2012",""
"-79.63","43.68","TORONTO LESTER B. PEARSON INT'L A","6158733","7","7","26.4","14.4","34.0","37.6","1988","1938-2012","","7.8","1942","1938-2012","","28.0","2004","1938-2012","","28.0","2004","1938-2012","","0.0","1938","1938-2012","","0","1955","1955-2012",""
"-79.63","43.68","TORONTO LESTER B. PEARSON INT'L A","6158733","7","8","26.5","14.5","34.0","36.9","1988","1938-2012","","7.1","1984","1938-2012","","29.2","2008","1938-2012","","29.2","2008","1938-2012","","0.0","1938","1938-2012","","0","1955","1955-2012",""
"-79.63","43.68","TORONTO LESTER B. PEARSON INT'L A","6158733","7","9","26.6","14.6","34.0","36.4","1988","1938-2012","","7.8","1942","1938-2012","","31.5","1949","1938-2012","","31.5","1949","1938-2012","","0.0","1938","1938-2012","","0","1955","1955-2012",""
"-79.63","43.68","TORONTO LESTER B. PEARSON INT'L A","6158733","7","10","26.7","14.7","34.0","36.0","1988","1938-2012","","8.9","1942","1938-2012","","33.4","2006","1938-2012","","33.4","2006","1938-2012","","0.0","1938","1938-2012","","0","1955","1955-2012",""
"-79.63","43.68","TORONTO LESTER B. PEARSON INT'L A","6158733","7","11","26.8","14.7","34.0","35.5","2005","1938-2012","","5.0","1945","1938-2012","","22.4","1940","1938-2012","","22.4","1940","1938-2012","","0.0","1938","1938-2012","","0","1955","1955-2012",""
"-79.63","43.68","TORONTO LESTER B. PEARSON INT'L A","6158733","7","12","26.8","14.8","34.0","34.7","2005","1938-2012","","7.8","1973","1938-2012","","54.9","1964","1938-2012","","54.9","1964","1938-2012","","0.0","1938","1938-2012","","0","1955","1955-2012",""
"-79.63","43.68","TORONTO LESTER B. PEARSON INT'L A","6158733","7","13","26.9","14.8","34.0","34.9","2005","1938-2012","","8.9","1940","1938-2012","","43.9","1960","1938-2012","","43.9","1960","1938-2012","","0.0","1938","1938-2012","","0","1955","1955-2012",""
"-79.63","43.68","TORONTO LESTER B. PEARSON INT'L A","6158733","7","14","26.9","14.9","34.0","36.8","1995","1938-2012","","7.8","1950","1938-2012","","32.5","1943","1938-2012","","32.5","1943","1938-2012","","0.0","1938","1938-2012","","0","1955","1955-2012",""
"-79.63","43.68","TORONTO LESTER B. PEARSON INT'L A","6158733","7","15","27.0","14.9","34.0","35.7","1983","1938-2012","","6.7","1967","1938-2012","","40.5","1980","1938-2012","","40.5","1980","1938-2012","","0.0","1938","1938-2012","","0","1955","1955-2012",""
"-79.63","43.68","TORONTO LESTER B. PEARSON INT'L A","6158733","7","16","27.0","15.0","34.0","34.7","1988","1938-2012","","7.2","1967","1938-2012","","25.9","1941","1938-2012","","25.9","1941","1938-2012","","0.0","1938","1938-2012","","0","1955","1955-2012",""
"-79.63","43.68","TORONTO LESTER B. PEARSON INT'L A","6158733","7","17","27.1","15.0","34.0","36.8","2012","1938-2012","","6.1","1939","1938-2012","","31.8","1942","1938-2012","","31.8","1942","1938-2012","","0.0","1938","1938-2012","","0","1955","1955-2012",""
"-79.63","43.68","TORONTO LESTER B. PEARSON INT'L A","6158733","7","18","27.1","15.1","34.0","34.4","1942","1938-2012","","7.8","1971","1938-2012","","54.5","1986","1938-2012","","54.5","1986","1938-2012","","0.0","1938","1938-2012","","0","1955","1955-2012",""
"-79.63","43.68","TORONTO LESTER B. PEARSON INT'L A","6158733","7","19","27.1","15.1","34.0","35.6","1946","1938-2012","","7.8","1965","1938-2012","","37.2","1993","1938-2012","","37.2","1993","1938-2012","","0.0","1938","1938-2012","","0","1955","1955-2012",""
"-79.63","43.68","TORONTO LESTER B. PEARSON INT'L A","6158733","7","20","27.1","15.1","34.0","35.8","1978","1938-2012","","6.1","1965","1938-2012","","51.2","2008","1938-2012","","51.2","2008","1938-2012","","0.0","1938","1938-2012","","0","1955","1955-2012",""
"-79.63","43.68","TORONTO LESTER B. PEARSON INT'L A","6158733","7","21","27.1","15.1","34.0","37.9","2011","1938-2012","","5.6","1965","1938-2012","","24.5","1978","1938-2012","","24.5","1978","1938-2012","","0.0","1938","1938-2012","","0","1955","1955-2012",""
"-79.63","43.68","TORONTO LESTER B. PEARSON INT'L A","6158733","7","22","27.1","15.2","34.0","35.6","1955","1938-2012","","7.9","1992","1938-2012","","33.6","1994","1938-2012","","33.6","1994","1938-2012","","0.0","1938","1938-2012","","0","1955","1955-2012",""
"-79.63","43.68","TORONTO LESTER B. PEARSON INT'L A","6158733","7","23","27.2","15.2","34.0","35.0","2012","1938-2012","","8.6","1981","1938-2012","","39.0","2010","1938-2012","","39.0","2010","1938-2012","","0.0","1938","1938-2012","","0","1955","1955-2012",""
"-79.63","43.68","TORONTO LESTER B. PEARSON INT'L A","6158733","7","24","27.1","15.2","34.0","34.7","1999","1938-2012","","8.5","1985","1938-2012","","49.3","1969","1938-2012","","49.3","1969","1938-2012","","0.0","1938","1938-2012","","0","1955","1955-2012",""
"-79.63","43.68","TORONTO LESTER B. PEARSON INT'L A","6158733","7","25","27.1","15.2","34.0","35.0","1941","1938-2012","","7.2","1976","1938-2012","","39.6","1973","1938-2012","","39.6","1973","1938-2012","","0.0","1938","1938-2012","","0","1955","1955-2012",""
"-79.63","43.68","TORONTO LESTER B. PEARSON INT'L A","6158733","7","26","27.1","15.2","34.0","34.4","1955","1938-2012","","8.9","1975","1938-2012","","29.6","1993","1938-2012","","29.6","1993","1938-2012","","0.0","1938","1938-2012","","0","1955","1955-2012",""
"-79.63","43.68","TORONTO LESTER B. PEARSON INT'L A","6158733","7","27","27.1","15.2","34.0","36.1","1941","1938-2012","","7.2","1977","1938-2012","","31.0","1969","1938-2012","","31.0","1969","1938-2012","","0.0","1938","1938-2012","","0","1955","1955-2012",""
"-79.63","43.68","TORONTO LESTER B. PEARSON INT'L A","6158733","7","28","27.1","15.2","34.0","34.4","1941","1938-2012","","8.5","1985","1938-2012","","118.5","1980","1938-2012","","118.5","1980","1938-2012","","0.0","1938","1938-2012","","0","1955","1955-2012",""
"-79.63","43.68","TORONTO LESTER B. PEARSON INT'L A","6158733","7","29","27.0","15.2","34.0","35.6","1949","1938-2012","","6.7","1968","1938-2012","","25.9","1946","1938-2012","","25.9","1946","1938-2012","","0.0","1938","1938-2012","","0","1955","1955-2012",""
"-79.63","43.68","TORONTO LESTER B. PEARSON INT'L A","6158733","7","30","27.0","15.1","34.0","34.6","1999","1938-2012","","3.9","1968","1938-2012","","25.5","1988","1938-2012","","25.5","1988","1938-2012","","0.0","1938","1938-2012","","0","1955","1955-2012",""
"-79.63","43.68","TORONTO LESTER B. PEARSON INT'L A","6158733","7","31","27.0","15.1","34.0","36.1","1975","1938-2012","","6.7","1965","1938-2012","","59.2","1970","1938-2012","","59.2","1970","1938-2012","","0.0","1938","1938-2012","","0","1955","1955-2012",""
"-79.63","43.68","TORONTO LESTER B. PEARSON INT'L A","6158733","8","1","26.9","15.1","33.0","36.7","1955","1938-2012","","6.7","1947","1938-2012","","19.3","1969","1938-2012","","19.3","1969","1938-2012","","0.0","1938","1938-2012","","0","1955","1955-2012",""
"-79.63","43.68","TORONTO LESTER B. PEARSON INT'L A","6158733","8","2","26.9","15.1","33.0","34.8","2007","1938-2012","","7.8","1947","1938-2012","","36.8","1965","1938-2012","","36.8","1965","1938-2012","","0.0","1938","1938-2012","","0","1955","1955-2012",""
"-79.63","43.68","TORONTO LESTER B. PEARSON INT'L A","6158733","8","3","26.8","15.0","33.0","35.6","1955","1938-2012","","7.2","1976","1938-2012","","41.4","1991","1938-2012","","41.4","1991","1938-2012","","0.0","1938","1938-2012","","0","1955","1955-2012",""
"-79.63","43.68","TORONTO LESTER B. PEARSON INT'L A","6158733","8","4","26.7","15.0","33.0","35.0","1944","1938-2012","","7.2","1951","1938-2012","","36.4","1981","1938-2012","","36.4","1981","1938-2012","","0.0","1938","1938-2012","","0","1955","1955-2012",""
"-79.63","43.68","TORONTO LESTER B. PEARSON INT'L A","6158733","8","5","26.7","15.0","33.0","35.0","1955","1938-2012","","4.4","1972","1938-2012","","38.0","1995","1938-2012","","38.0","1995","1938-2012","","0.0","1938","1938-2012","","0","1955","1955-2012",""
"-79.63","43.68","TORONTO LESTER B. PEARSON INT'L A","6158733","8","6","26.6","14.9","33.0","35.9","2001","1938-2012","","6.7","1964","1938-2012","","46.5","1968","1938-2012","","46.5","1968","1938-2012","","0.0","1938","1938-2012","","0","1955","1955-2012",""
"-79.63","43.68","TORONTO LESTER B. PEARSON INT'L A","6158733","8","7","26.5","14.9","33.0","35.6","2001","1938-2012","","6.7","1948","1938-2012","","34.8","1972","1938-2012","","34.8","1972","1938-2012","","0.0","1938","1938-2012","","0","1955","1955-2012",""
"-79.63","43.68","TORONTO LESTER B. PEARSON INT'L A","6158733","8","8","26.5","14.8","33.0","37.9","2001","1938-2012","","6.9","1989","1938-2012","","44.5","1939","1938-2012","","44.5","1939","1938-2012","","0.0","1938","1938-2012","","0","1955","1955-2012",""
"-79.63","43.68","TORONTO LESTER B. PEARSON INT'L A","6158733","8","9","26.4","14.7","33.0","37.2","1949","1938-2012","","7.2","1964","1938-2012","","48.5","1953","1938-2012","","48.5","1953","1938-2012","","0.0","1938","1938-2012","","0","1955","1955-2012",""
"-79.63","43.68","TORONTO LESTER B. PEARSON INT'L A","6158733","8","10","26.3","14.7","33.0","35.6","1944","1938-2012","","8.3","1972","1938-2012","","21.6","2012","1938-2012","","21.6","2012","1938-2012","","0.0","1938","1938-2012","","0","1955","1955-2012",""
"-79.63","43.68","TORONTO LESTER B. PEARSON INT'L A","6158733","8","11","26.2","14.6","33.0","36.1","1944","1938-2012","","7.2","1965","1938-2012","","38.1","1964","1938-2012","","38.1","1964","1938-2012","","0.0","1938","1938-2012","","0","1955","1955-2012",""
"-79.63","43.68","TORONTO LESTER B. PEARSON INT'L A","6158733","8","12","26.1","14.5","33.0","35.0","1947","1938-2012","","7.8","1971","1938-2012","","28.4","1990","1938-2012","","28.4","1990","1938-2012","","0.0","1938","1938-2012","","0","1955","1955-2012",""
"-79.63","43.68","TORONTO LESTER B. PEARSON INT'L A","6158733","8","13","26.0","14.5","33.0","35.6","1947","1938-2012","","6.7","1941","1938-2012","","58.7","1955","1938-2012","","58.7","1955","1938-2012","","0.0","1938","1938-2012","","0","1955","1955-2012",""
"-79.63","43.68","TORONTO LESTER B. PEARSON INT'L A","6158733","8","14","26.0","14.4","33.0","35.0","1944","1938-2012","","7.8","1964","1938-2012","","39.2","1995","1938-2012","","39.2","1995","1938-2012","","0.0","1938","1938-2012","","0","1955","1955-2012",""
"-79.63","43.68","TORONTO LESTER B. PEARSON INT'L A","6158733","8","15","25.9","14.3","33.0","34.4","1938","1938-2012","","6.7","1968","1938-2012","","52.4","1986","1938-2012","","52.4","1986","1938-2012","","0.0","1938","1938-2012","","0","1955","1955-2012",""
"-79.63","43.68","TORONTO LESTER B. PEARSON INT'L A","6158733","8","16","25.8","14.2","33.0","33.0","1987","1938-2012","","4.7","1979","1938-2012","","29.7","1969","1938-2012","","29.7","1969","1938-2012","","0.0","1938","1938-2012","","0","1955","1955-2012",""
"-79.63","43.68","TORONTO LESTER B. PEARSON INT'L A","6158733","8","17","25.7","14.1","33.0","31.6","1998","1938-2012","","7.8","1954","1938-2012","","10.6","1991","1938-2012","","10.6","1991","1938-2012","","0.0","1938","1938-2012","","0","1955","1955-2012",""
"-79.63","43.68","TORONTO LESTER B. PEARSON INT'L A","6158733","8","18","25.5","14.0","33.0","34.4","1947","1938-2012","","5.6","1954","1938-2012","","40.5","1985","1938-2012","","40.5","1985","1938-2012","","0.0","1938","1938-2012","","0","1955","1955-2012",""
"-79.63","43.68","TORONTO LESTER B. PEARSON INT'L A","6158733","8","19","25.4","13.9","33.0","35.0","1955","1938-2012","","6.3","1977","1938-2012","","41.4","2005","1938-2012","","41.4","2005","1938-2012","","0.0","1938","1938-2012","","0","1955","1955-2012",""
"-79.63","43.68","TORONTO LESTER B. PEARSON INT'L A","6158733","8","20","25.3","13.8","33.0","35.0","1955","1938-2012","","6.3","1977","1938-2012","","33.8","1999","1938-2012","","33.8","1999","1938-2012","","0.0","1938","1938-2012","","0","1955","1955-2012",""
"-79.63","43.68","TORONTO LESTER B. PEARSON INT'L A","6158733","8","21","25.2","13.7","33.0","35.0","1955","1938-2012","","4.4","1940","1938-2012","","24.4","1964","1938-2012","","24.4","1964","1938-2012","","0.0","1938","1938-2012","","0","1955","1955-2012",""
"-79.63","43.68","TORONTO LESTER B. PEARSON INT'L A","6158733","8","22","25.1","13.6","33.0","32.2","1942","1938-2012","","5.7","1982","1938-2012","","66.8","1968","1938-2012","","66.8","1968","1938-2012","","0.0","1938","1938-2012","","0","1955","1955-2012",""
"-79.63","43.68","TORONTO LESTER B. PEARSON INT'L A","6158733","8","23","25.0","13.4","33.0","31.7","1949","1938-2012","","4.4","1971","1938-2012","","30.5","1956","1938-2012","","30.5","1956","1938-2012","","0.0","1938","1938-2012","","0","1955","1955-2012",""
"-79.63","43.68","TORONTO LESTER B. PEARSON INT'L A","6158733","8","24","24.8","13.3","33.0","35.0","1948","1938-2012","","3.3","1971","1938-2012","","45.2","1957","1938-2012","","45.2","1957","1938-2012","","0.0","1938","1938-2012","","0","1955","1955-2012",""
"-79.63","43.68","TORONTO LESTER B. PEARSON INT'L A","6158733","8","25","24.7","13.2","33.0","38.3","1948","1938-2012","","2.8","1942","1938-2012","","42.0","1982","1938-2012","","42.0","1982","1938-2012","","0.0","1938","1938-2012","","0","1955","1955-2012",""
"-79.63","43.68","TORONTO LESTER B. PEARSON INT'L A","6158733","8","26","24.6","13.1","33.0","36.7","1948","1938-2012","","6.9","1977","1938-2012","","71.6","1986","1938-2012","","71.6","1986","1938-2012","","0.0","1938","1938-2012","","0","1955","1955-2012",""
"-79.63","43.68","TORONTO LESTER B. PEARSON INT'L A","6158733","8","27","24.4","12.9","33.0","35.6","1948","1938-2012","","6.1","1945","1938-2012","","36.6","1971","1938-2012","","36.6","1971","1938-2012","","0.0","1938","1938-2012","","0","1955","1955-2012",""
"-79.63","43.68","TORONTO LESTER B. PEARSON INT'L A","6158733","8","28","24.3","12.8","33.0","37.2","1948","1938-2012","","4.1","1986","1938-2012","","39.4","1949","1938-2012","","39.4","1949","1938-2012","","0.0","1938","1938-2012","","0","1955","1955-2012",""
"-79.63","43.68","TORONTO LESTER B. PEARSON INT'L A","6158733","8","29","24.1","12.6","33.0","34.7","2007","1938-2012","","2.0","1982","1938-2012","","39.1","1956","1938-2012","","39.1","1956","1938-2012","","0.0","1938","1938-2012","","0","1955","1955-2012",""
"-79.63","43.68","TORONTO LESTER B. PEARSON INT'L A","6158733","8","30","24.0","12.5","33.0","35.0","1953","1938-2012","","1.1","1965","1938-2012","","80.8","1970","1938-2012","","80.8","1970","1938-2012","","0.0","1938","1938-2012","","0","1955","1955-2012",""
"-79.63","43.68","TORONTO LESTER B. PEARSON INT'L A","6158733","8","31","23.8","12.3","33.0","33.7","2010","1938-2012","","3.3","1976","1938-2012","","43.7","1949","1938-2012","","43.7","1949","1938-2012","","0.0","1938","1938-2012","","0","1955","1955-2012",""
"-79.63","43.68","TORONTO LESTER B. PEARSON INT'L A","6158733","9","1","23.7","12.2","35.0","35.6","1953","1938-2012","","6.1","1948","1938-2012","","17.5","1977","1938-2012","","17.5","1977","1938-2012","","0.0","1938","1938-2012","","0","1955","1955-2012",""
"-79.63","43.68","TORONTO LESTER B. PEARSON INT'L A","6158733","9","2","23.5","12.0","35.0","36.7","1953","1938-2012","","4.4","1946","1938-2012","","22.1","1968","1938-2012","","22.1","1968","1938-2012","","0.0","1938","1938-2012","","0","1955","1955-2012",""
"-79.63","43.68","TORONTO LESTER B. PEARSON INT'L A","6158733","9","3","23.4","11.9","35.0","34.4","1953","1938-2012","","2.8","1946","1938-2012","","28.0","1988","1938-2012","","28.0","1988","1938-2012","","0.0","1938","1938-2012","","0","1955","1955-2012",""
"-79.63","43.68","TORONTO LESTER B. PEARSON INT'L A","6158733","9","4","23.2","11.7","35.0","35.6","1953","1938-2012","","2.2","1946","1938-2012","","44.0","2012","1938-2012","","44.0","2012","1938-2012","","0.0","1938","1938-2012","","0","1955","1955-2012",""
"-79.63","43.68","TORONTO LESTER B. PEARSON INT'L A","6158733","9","5","23.0","11.6","35.0","31.7","1945","1938-2012","","3.3","1938","1938-2012","","19.3","1968","1938-2012","","19.3","1968","1938-2012","","0.0","1938","1938-2012","","0","1955","1955-2012",""
"-79.63","43.68","TORONTO LESTER B. PEARSON INT'L A","6158733","9","6","22.9","11.4","35.0","34.4","2007","1938-2012","","2.2","1938","1938-2012","","21.2","1998","1938-2012","","21.2","1998","1938-2012","","0.0","1938","1938-2012","","0","1955","1955-2012",""
"-79.63","43.68","TORONTO LESTER B. PEARSON INT'L A","6158733","9","7","22.7","11.2","35.0","33.9","1960","1938-2012","","4.1","1986","1938-2012","","66.4","1996","1938-2012","","66.4","1996","1938-2012","","0.0","1938","1938-2012","","0","1955","1955-2012",""
"-79.63","43.68","TORONTO LESTER B. PEARSON INT'L A","6158733","9","8","22.5","11.0","35.0","35.0","1959","1938-2012","","2.6","1986","1938-2012","","30.2","2012","1938-2012","","30.2","2012","1938-2012","","0.0","1938","1938-2012","","0","1955","1955-2012",""
"-79.63","43.68","TORONTO LESTER B. PEARSON INT'L A","6158733","9","9","22.3","10.9","35.0","33.9","1959","1938-2012","","2.9","1979","1938-2012","","16.8","2004","1938-2012","","16.8","2004","1938-2012","","0.0","1938","1938-2012","","0","1955","1955-2012",""
"-79.63","43.68","TORONTO LESTER B. PEARSON INT'L A","6158733","9","10","22.2","10.7","35.0","34.8","2002","1938-2012","","1.7","1975","1938-2012","","63.1","1986","1938-2012","","63.1","1986","1938-2012","","0.0","1938","1938-2012","","0","1955","1955-2012",""
"-79.63","43.68","TORONTO LESTER B. PEARSON INT'L A","6158733","9","11","22.0","10.5","35.0","33.9","1952","1938-2012","","2.5","1979","1938-2012","","25.1","1975","1938-2012","","25.1","1975","1938-2012","","0.0","1938","1938-2012","","0","1955","1955-2012",""
"-79.63","43.68","TORONTO LESTER B. PEARSON INT'L A","6158733","9","12","21.8","10.3","35.0","34.4","1952","1938-2012","","1.7","1943","1938-2012","","23.1","1963","1938-2012","","23.1","1963","1938-2012","","0.0","1938","1938-2012","","0","1955","1955-2012",""
"-79.63","43.68","TORONTO LESTER B. PEARSON INT'L A","6158733","9","13","21.6","10.2","35.0","35.0","1952","1938-2012","","1.7","1964","1938-2012","","36.0","1987","1938-2012","","36.0","1987","1938-2012","","0.0","1938","1938-2012","","0","1955","1955-2012",""
"-79.63","43.68","TORONTO LESTER B. PEARSON INT'L A","6158733","9","14","21.4","10.0","35.0","30.3","2005","1938-2012","","1.1","1975","1938-2012","","57.1","1982","1938-2012","","57.1","1982","1938-2012","","0.0","1938","1938-2012","","0","1955","1955-2012",""
"-79.63","43.68","TORONTO LESTER B. PEARSON INT'L A","6158733","9","15","21.2","9.8","35.0","32.5","1991","1938-2012","","0.0","1964","1938-2012","","54.1","1957","1938-2012","","54.1","1957","1938-2012","","0.0","1938","1938-2012","","0","1955","1955-2012",""
"-79.63","43.68","TORONTO LESTER B. PEARSON INT'L A","6158733","9","16","21.0","9.6","35.0","31.7","1941","1938-2012","","-0.6","1964","1938-2012","","28.9","1983","1938-2012","","28.9","1983","1938-2012","","0.0","1938","1938-2012","","0","1955","1955-2012",""
"-79.63","43.68","TORONTO LESTER B. PEARSON INT'L A","6158733","9","17","20.8","9.4","35.0","31.7","1948","1938-2012","","-1.1","1973","1938-2012","","35.3","1976","1938-2012","","35.3","1976","1938-2012","","0.0","1938","1938-2012","","0","1955","1955-2012",""
"-79.63","43.68","TORONTO LESTER B. PEARSON INT'L A","6158733","9","18","20.6","9.2","35.0","32.2","1955","1938-2012","","0.0","1943","1938-2012","","108.0","1948","1938-2012","","108.0","1948","1938-2012","","0.0","1938","1938-2012","","0","1955","1955-2012",""
"-79.63","43.68","TORONTO LESTER B. PEARSON INT'L A","6158733","9","19","20.4","9.0","35.0","32.2","1955","1938-2012","","2.2","1943","1938-2012","","32.4","2003","1938-2012","","32.4","2003","1938-2012","","0.0","1938","1938-2012","","0","1955","1955-2012",""
"-79.63","43.68","TORONTO LESTER B. PEARSON INT'L A","6158733","9","20","20.1","8.8","35.0","30.0","1940","1938-2012","","-0.6","1979","1938-2012","","12.7","1986","1938-2012","","12.7","1986","1938-2012","","0.0","1938","1938-2012","","0","1955","1955-2012",""
"-79.63","43.68","TORONTO LESTER B. PEARSON INT'L A","6158733","9","21","19.9","8.6","35.0","31.1","1965","1938-2012","","-1.7","1973","1938-2012","","31.8","1967","1938-2012","","31.8","1967","1938-2012","","0.0","1938","1938-2012","","0","1955","1955-2012",""
"-79.63","43.68","TORONTO LESTER B. PEARSON INT'L A","6158733","9","22","19.7","8.5","35.0","31.7","1941","1938-2012","","-0.6","1974","1938-2012","","41.9","1938","1938-2012","","41.9","1938","1938-2012","","0.0","1938","1938-2012","","0","1955","1955-2012",""
"-79.63","43.68","TORONTO LESTER B. PEARSON INT'L A","6158733","9","23","19.5","8.3","35.0","30.6","1959","1938-2012","","-1.1","1974","1938-2012","","22.2","2011","1938-2012","","22.2","2011","1938-2012","","0.0","1938","1938-2012","","0","1955","1955-2012",""
"-79.63","43.68","TORONTO LESTER B. PEARSON INT'L A","6158733","9","24","19.2","8.0","35.0","30.8","2010","1938-2012","","-2.2","1974","1940-2012","","49.4","1977","1938-2012","","49.4","1977","1938-2012","","0.0","1938","1938-2012","","0","1955","1955-2012",""
"-79.63","43.68","TORONTO LESTER B. PEARSON INT'L A","6158733","9","25","19.0","7.8","35.0","33.8","2007","1938-2012","","0.0","1949","1938-2012","","26.9","1945","1938-2012","","26.9","1945","1938-2012","","0.0","1938","1938-2012","","0","1955","1955-2012",""
"-79.63","43.68","TORONTO LESTER B. PEARSON INT'L A","6158733","9","26","18.8","7.6","35.0","29.6","1998","1938-2012","","-3.3","1965","1938-2012","","28.8","2005","1938-2012","","28.8","2005","1938-2012","","0.0","1938","1938-2012","","0","1955","1955-2012",""
"-79.63","43.68","TORONTO LESTER B. PEARSON INT'L A","6158733","9","27","18.5","7.4","35.0","27.2","1973","1938-2012","","-3.9","1965","1938-2012","","36.8","1949","1938-2012","","36.8","1949","1938-2012","","0.0","1938","1938-2012","","0","1955","1955-2012",""
"-79.63","43.68","TORONTO LESTER B. PEARSON INT'L A","6158733","9","28","18.3","7.2","35.0","29.4","1959","1938-2012","","-2.2","1947","1938-2012","","44.2","1962","1938-2012","","44.2","1962","1938-2012","","0.0","1938","1938-2012","","0","1955","1955-2012",""
"-79.63","43.68","TORONTO LESTER B. PEARSON INT'L A","6158733","9","29","18.1","7.0","35.0","26.7","1952","1938-2012","","-1.1","1942","1938-2012","","54.6","1986","1938-2012","","54.6","1986","1938-2012","","0.0","1938","1938-2012","","0","1955","1955-2012",""
"-79.63","43.68","TORONTO LESTER B. PEARSON INT'L A","6158733","9","30","17.8","6.8","35.0","27.2","1954","1938-2012","","-1.2","1993","1938-2012","","18.5","1959","1938-2012","","18.5","1959","1938-2012","","0.0","1938","1938-2012","","0","1955","1955-2012",""
"-79.63","43.68","TORONTO LESTER B. PEARSON INT'L A","6158733","10","1","17.6","6.6","39.0","29.5","2002","1938-2012","","-1.7","1947","1938-2012","","30.3","1977","1938-2012","","30.3","1977","1938-2012","","0.0","1938","1938-2012","","0","1955","1955-2012",""
"-79.63","43.68","TORONTO LESTER B. PEARSON INT'L A","6158733","10","2","17.3","6.4","39.0","28.3","1971","1938-2012","","-3.3","1974","1938-2012","","27.9","1973","1938-2012","","27.9","1973","1938-2012","","0.0","1938","1938-2012","","0","1955","1955-2012",""
"-79.63","43.68","TORONTO LESTER B. PEARSON INT'L A","6158733","10","3","17.0","6.2","39.0","27.1","2001","1938-2012","","-5.0","1974","1938-2012","","18.4","1980","1938-2012","","18.4","1980","1938-2012","","0.0","1938","1938-2012","","0","1955","1955-2012",""
"-79.63","43.68","TORONTO LESTER B. PEARSON INT'L A","6158733","10","4","16.8","5.9","39.0","27.2","1951","1938-2012","","-3.3","1974","1938-2012","","20.1","1979","1938-2012","","20.1","1979","1938-2012","","0.0","1938","1938-2012","","0","1955","1955-2012",""
"-79.63","43.68","TORONTO LESTER B. PEARSON INT'L A","6158733","10","5","16.5","5.7","39.0","30.6","1951","1938-2012","","-4.4","1965","1938-2012","","64.8","1995","1938-2012","","64.8","1995","1938-2012","","0.0","1938","1938-2012","","0","1955","1955-2012",""
"-79.63","43.68","TORONTO LESTER B. PEARSON INT'L A","6158733","10","6","16.3","5.5","39.0","29.4","1963","1938-2012","","-6.7","1964","1938-2012","","20.3","1972","1938-2012","","20.3","1972","1938-2012","","0.0","1938","1938-2012","","0","1955","1955-2012",""
"-79.63","43.68","TORONTO LESTER B. PEARSON INT'L A","6158733","10","7","16.1","5.3","39.0","29.4","1946","1938-2012","","-7.2","1964","1938-2012","","22.6","1965","1938-2012","","22.6","1965","1938-2012","","0.0","1938","1938-2012","","0","1955","1955-2012",""
"-79.63","43.68","TORONTO LESTER B. PEARSON INT'L A","6158733","10","8","15.8","5.2","39.0","31.6","2007","1938-2012","","-2.2","1953","1938-2012","","20.5","1977","1938-2012","","20.5","1977","1938-2012","","0.0","1938","1938-2012","","0","1955","1955-2012",""
"-79.63","43.68","TORONTO LESTER B. PEARSON INT'L A","6158733","10","9","15.6","5.0","39.0","28.3","1949","1938-2012","","-1.7","1972","1938-2012","","39.4","1950","1938-2012","","39.4","1950","1938-2012","","0.8","1976","1938-2012","","0","1955","1955-2012",""
"-79.63","43.68","TORONTO LESTER B. PEARSON INT'L A","6158733","10","10","15.3","4.8","39.0","26.1","1949","1938-2012","","-5.0","1972","1938-2012","","13.6","1989","1938-2012","","13.6","1989","1938-2012","","0.8","1964","1938-2012","","0","1955","1955-2012",""
"-79.63","43.68","TORONTO LESTER B. PEARSON INT'L A","6158733","10","11","15.1","4.6","39.0","28.9","1938","1938-2012","","-5.6","1964","1938-2012","","26.7","1949","1938-2012","","26.7","1949","1938-2012","","0.0","1938","1938-2012","","0","1955","1955-2012",""
"-79.63","43.68","TORONTO LESTER B. PEARSON INT'L A","6158733","10","12","14.8","4.4","39.0","27.0","1995","1938-2012","","-1.1","1952","1938-2012","","23.6","2011","1938-2012","","23.6","2011","1938-2012","","0.0","1938","1938-2012","","0","1955","1955-2012",""
"-79.63","43.68","TORONTO LESTER B. PEARSON INT'L A","6158733","10","13","14.6","4.2","39.0","25.5","1995","1938-2012","","-3.3","1974","1938-2012","","36.4","1999","1938-2012","","36.4","1999","1938-2012","","0.0","1938","1938-2012","","0","1955","1955-2012",""
"-79.63","43.68","TORONTO LESTER B. PEARSON INT'L A","6158733","10","14","14.4","4.1","39.0","25.6","1960","1938-2012","","-4.4","1993","1938-2012","","31.8","1954","1938-2012","","31.8","1954","1938-2012","","0.0","1938","1938-2012","","0","1955","1955-2012",""
"-79.63","43.68","TORONTO LESTER B. PEARSON INT'L A","6158733","10","15","14.1","3.9","39.0","25.6","1956","1938-2012","","-3.3","1944","1938-2012","","121.4","1954","1938-2012","","121.4","1954","1938-2012","","0.0","1938","1938-2012","","0","1955","1955-2012",""
"-79.63","43.68","TORONTO LESTER B. PEARSON INT'L A","6158733","10","16","13.9","3.7","39.0","27.2","1962","1938-2012","","-4.4","1940","1938-2012","","14.7","1942","1938-2012","","14.7","1942","1938-2012","","0.0","1938","1938-2012","","0","1955","1955-2012",""
"-79.63","43.68","TORONTO LESTER B. PEARSON INT'L A","6158733","10","17","13.6","3.6","39.0","27.8","1938","1938-2012","","-5.0","1972","1938-2012","","36.2","2006","1938-2012","","36.2","2006","1938-2012","","0.0","1938","1938-2012","","0","1955","1955-2012",""
"-79.63","43.68","TORONTO LESTER B. PEARSON INT'L A","6158733","10","18","13.4","3.4","39.0","26.7","1963","1938-2012","","-6.7","1974","1938-2012","","26.8","1996","1938-2012","","26.8","1996","1938-2012","","0.3","1972","1938-2012","","0","1955","1955-2012",""
"-79.63","43.68","TORONTO LESTER B. PEARSON INT'L A","6158733","10","19","13.2","3.3","39.0","25.0","1950","1938-2012","","-7.2","1972","1938-2012","","34.2","2011","1938-2012","","34.2","2011","1938-2012","","0.8","1952","1938-2012","","0","1955","1955-2012",""
"-79.63","43.68","TORONTO LESTER B. PEARSON INT'L A","6158733","10","20","12.9","3.1","39.0","23.9","1947","1938-2012","","-7.2","1974","1938-2012","","16.6","2011","1938-2012","","16.6","2011","1938-2012","","0.4","1992","1938-2012","","0","1955","1955-2012",""
"-79.63","43.68","TORONTO LESTER B. PEARSON INT'L A","6158733","10","21","12.7","2.9","39.0","26.3","2007","1938-2012","","-5.0","1952","1938-2012","","46.0","1965","1938-2012","","46.0","1965","1938-2012","","7.1","1969","1938-2012","","0","1955","1955-2012",""
"-79.63","43.68","TORONTO LESTER B. PEARSON INT'L A","6158733","10","22","12.5","2.8","39.0","25.1","2007","1938-2012","","-7.2","1969","1938-2012","","25.7","1962","1938-2012","","25.7","1962","1938-2012","","5.3","1969","1938-2012","","13","1969","1955-2012",""
"-79.63","43.68","TORONTO LESTER B. PEARSON INT'L A","6158733","10","23","12.2","2.7","39.0","26.1","1963","1938-2012","","-8.3","1969","1938-2012","","32.0","1957","1938-2012","","32.0","1957","1938-2012","","0.0","1938","1938-2012","","8","1969","1955-2012",""
"-79.63","43.68","TORONTO LESTER B. PEARSON INT'L A","6158733","10","24","12.0","2.5","39.0","23.3","1963","1938-2012","","-5.1","1978","1938-2012","","11.7","1951","1938-2012","","11.7","1951","1938-2012","","0.8","1945","1938-2012","","5","1969","1955-2012",""
"-79.63","43.68","TORONTO LESTER B. PEARSON INT'L A","6158733","10","25","11.8","2.4","39.0","24.4","1963","1938-2012","","-3.9","1949","1938-2012","","27.0","1980","1938-2012","","27.0","1980","1938-2012","","7.4","1962","1938-2012","","0","1955","1955-2012",""
"-79.63","43.68","TORONTO LESTER B. PEARSON INT'L A","6158733","10","26","11.6","2.2","39.0","25.0","1963","1938-2012","","-6.7","1952","1938-2012","","20.0","1997","1938-2012","","19.0","1997","1938-2012","","0.8","1997","1938-2012","","0","1955","1955-2012",""
"-79.63","43.68","TORONTO LESTER B. PEARSON INT'L A","6158733","10","27","11.3","2.1","39.0","22.7","2000","1938-2012","","-7.8","1976","1938-2012","","29.7","1981","1938-2012","","29.7","1981","1938-2012","","1.8","1997","1938-2012","","0","1955","1955-2012",""
"-79.63","43.68","TORONTO LESTER B. PEARSON INT'L A","6158733","10","28","11.1","2.0","39.0","22.2","1971","1938-2012","","-6.1","1965","1938-2012","","23.1","1973","1938-2012","","23.1","1973","1938-2012","","1.3","1965","1938-2012","","0","1955","1955-2012",""
"-79.63","43.68","TORONTO LESTER B. PEARSON INT'L A","6158733","10","29","10.9","1.9","39.0","21.7","1946","1938-2012","","-7.2","1965","1938-2012","","32.5","1973","1938-2012","","32.5","1973","1938-2012","","0.0","1938","1938-2012","","0","1955","1955-2012",""
"-79.63","43.68","TORONTO LESTER B. PEARSON INT'L A","6158733","10","30","10.7","1.7","39.0","21.7","1946","1938-2012","","-7.2","1966","1938-2012","","17.3","1973","1938-2012","","17.3","1973","1938-2012","","0.0","1938","1938-2012","","0","1955","1955-2012",""
"-79.63","43.68","TORONTO LESTER B. PEARSON INT'L A","6158733","10","31","10.4","1.6","39.0","22.8","1971","1938-2012","","-7.8","1975","1938-2012","","15.7","1960","1938-2012","","15.7","1960","1938-2012","","0.8","1993","1938-2012","","0","1955","1955-2012",""
"-79.63","43.68","TORONTO LESTER B. PEARSON INT'L A","6158733","11","1","10.2","1.5","44.0","25.0","1950","1937-2012","","-5.6","1938","1937-2012","","26.2","1994","1937-2012","","26.2","1994","1937-2012","","1.0","2002","1937-2012","","0","1955","1955-2012",""
"-79.63","43.68","TORONTO LESTER B. PEARSON INT'L A","6158733","11","2","10.0","1.4","44.0","22.0","1990","1937-2012","","-6.7","1965","1937-2012","","52.4","1999","1937-2012","","52.4","1999","1937-2012","","10.2","1966","1937-2012","","3","1966","1955-2012",""
"-79.63","43.68","TORONTO LESTER B. PEARSON INT'L A","6158733","11","3","9.8","1.3","44.0","25.0","1961","1937-2012","","-6.7","1951","1937-2012","","24.6","1985","1937-2012","","24.6","1985","1937-2012","","6.1","1950","1937-2012","","0","1955","1955-2012",""
"-79.63","43.68","TORONTO LESTER B. PEARSON INT'L A","6158733","11","4","9.5","1.1","44.0","20.1","1987","1937-2012","","-7.0","1989","1937-2012","","25.4","1985","1937-2012","","25.4","1985","1937-2012","","3.8","1983","1937-2012","","0","1955","1955-2012",""
"-79.63","43.68","TORONTO LESTER B. PEARSON INT'L A","6158733","11","5","9.3","1.0","44.0","20.0","1959","1937-2012","","-9.4","1951","1937-2012","","25.1","1990","1937-2012","","25.1","1990","1937-2012","","0.5","1945","1937-2012","","2","1983","1955-2012",""
"-79.63","43.68","TORONTO LESTER B. PEARSON INT'L A","6158733","11","6","9.1","0.9","44.0","18.9","1975","1937-2012","","-12.8","1951","1937-2012","","34.0","1951","1937-2012","","22.4","1941","1937-2012","","13.2","1951","1937-2012","","0","1955","1955-2012",""
"-79.63","43.68","TORONTO LESTER B. PEARSON INT'L A","6158733","11","7","8.9","0.7","44.0","20.0","1938","1937-2012","","-7.8","1944","1937-2012","","29.6","1977","1937-2012","","29.6","1977","1937-2012","","12.7","1953","1937-2012","","0","1955","1955-2012",""
"-79.63","43.68","TORONTO LESTER B. PEARSON INT'L A","6158733","11","8","8.7","0.6","44.0","19.4","1975","1937-2012","","-8.0","1991","1937-2012","","15.5","1966","1937-2012","","15.5","1966","1937-2012","","0.6","1990","1937-2012","","1","1990","1955-2012",""
"-79.63","43.68","TORONTO LESTER B. PEARSON INT'L A","6158733","11","9","8.4","0.5","44.0","22.3","1999","1937-2012","","-8.4","1991","1937-2012","","39.1","1966","1937-2012","","39.1","1966","1937-2012","","1.5","1971","1937-2012","","0","1955","1955-2012",""
"-79.63","43.68","TORONTO LESTER B. PEARSON INT'L A","6158733","11","10","8.2","0.3","44.0","17.8","1975","1937-2012","","-8.9","1973","1937-2012","","86.1","1962","1937-2012","","86.1","1962","1937-2012","","3.0","1943","1937-2012","","0","1955","1955-2012",""
"-79.63","43.68","TORONTO LESTER B. PEARSON INT'L A","6158733","11","11","8.0","0.2","44.0","18.4","2012","1937-2012","","-8.3","1937","1937-2012","","35.6","1995","1937-2012","","35.6","1995","1937-2012","","3.0","1983","1937-2012","","0","1955","1955-2012",""
"-79.63","43.68","TORONTO LESTER B. PEARSON INT'L A","6158733","11","12","7.8","0.0","44.0","19.7","2012","1937-2012","","-7.8","1937","1937-2012","","32.4","1992","1937-2012","","32.4","1992","1937-2012","","4.6","1943","1937-2012","","3","1983","1955-2012",""
"-79.63","43.68","TORONTO LESTER B. PEARSON INT'L A","6158733","11","13","7.6","-0.2","44.0","17.2","1989","1938-2012","","-9.6","1986","1937-2012","","23.1","1958","1937-2012","","23.1","1958","1937-2012","","9.1","1942","1937-2012","","3","1959","1955-2012",""
"-79.63","43.68","TORONTO LESTER B. PEARSON INT'L A","6158733","11","14","7.3","-0.3","44.0","17.4","1994","1937-2012","","-11.7","1942","1937-2012","","17.6","1989","1937-2012","","17.6","1989","1937-2012","","13.2","1997","1937-2012","","11","1997","1955-2012",""
"-79.63","43.68","TORONTO LESTER B. PEARSON INT'L A","6158733","11","15","7.1","-0.5","44.0","19.3","1990","1937-2012","","-13.3","1942","1937-2012","","33.8","1973","1937-2012","","33.8","1973","1937-2012","","4.4","1995","1937-2012","","13","1997","1955-2012",""
"-79.63","43.68","TORONTO LESTER B. PEARSON INT'L A","6158733","11","16","6.9","-0.7","44.0","16.8","1988","1937-2012","","-11.7","1938","1937-2012","","26.6","2010","1937-2012","","26.6","2010","1937-2012","","5.8","2002","1937-2012","","14","1997","1955-2012",""
"-79.63","43.68","TORONTO LESTER B. PEARSON INT'L A","6158733","11","17","6.7","-0.9","44.0","18.9","1953","1937-2012","","-9.4","1959","1937-2012","","14.8","1978","1937-2012","","14.8","1978","1937-2012","","15.0","2002","1937-2012","","13","1997","1955-2012",""
"-79.63","43.68","TORONTO LESTER B. PEARSON INT'L A","6158733","11","18","6.5","-1.0","44.0","20.0","1958","1937-2012","","-10.6","1959","1937-2012","","14.7","1938","1937-2012","","14.7","1938","1937-2012","","4.2","1995","1937-2012","","18","2002","1955-2012",""
"-79.63","43.68","TORONTO LESTER B. PEARSON INT'L A","6158733","11","19","6.2","-1.2","44.0","20.6","1941","1937-2012","","-10.8","1986","1937-2012","","32.5","1948","1937-2012","","32.5","1948","1937-2012","","6.2","2008","1937-2012","","7","2002","1955-2012",""
"-79.63","43.68","TORONTO LESTER B. PEARSON INT'L A","6158733","11","20","6.0","-1.4","44.0","19.0","1985","1937-2012","","-12.3","1987","1937-2012","","26.4","1974","1937-2012","","26.4","1974","1937-2012","","11.8","1986","1937-2012","","8","1972","1955-2012",""
"-79.63","43.68","TORONTO LESTER B. PEARSON INT'L A","6158733","11","21","5.8","-1.6","44.0","17.2","1953","1937-2012","","-13.0","1987","1938-2012","","35.8","1952","1937-2012","","35.8","1952","1937-2012","","2.8","1989","1937-2012","","12","1986","1955-2012",""
"-79.63","43.68","TORONTO LESTER B. PEARSON INT'L A","6158733","11","22","5.6","-1.8","44.0","15.9","2010","1937-2012","","-12.4","1989","1937-2012","","17.5","1952","1937-2012","","17.5","1952","1937-2012","","7.6","2007","1937-2012","","9","1986","1955-2012",""
"-79.63","43.68","TORONTO LESTER B. PEARSON INT'L A","6158733","11","23","5.4","-2.0","44.0","17.5","1979","1937-2012","","-12.2","2000","1937-2012","","20.1","1961","1937-2012","","20.1","1961","1937-2012","","4.0","2005","1937-2012","","8","1986","1955-2012",""
"-79.63","43.68","TORONTO LESTER B. PEARSON INT'L A","6158733","11","24","5.1","-2.2","44.0","15.0","1946","1937-2012","","-12.0","2005","1937-2012","","30.5","1950","1937-2012","","14.0","2004","1937-2012","","30.5","1950","1937-2012","","6","2005","1955-2012",""
"-79.63","43.68","TORONTO LESTER B. PEARSON INT'L A","6158733","11","25","4.9","-2.4","44.0","16.3","2011","1937-2012","","-13.3","2005","1937-2012","","46.0","1987","1937-2012","","41.4","1987","1937-2012","","5.1","1951","1937-2012","","7","2005","1955-2012",""
"-79.63","43.68","TORONTO LESTER B. PEARSON INT'L A","6158733","11","26","4.7","-2.6","44.0","16.1","1960","1937-2012","","-18.3","1949","1937-2012","","16.5","1940","1937-2012","","15.2","1979","1937-2012","","16.5","1940","1937-2012","","6","2005","1955-2012",""
"-79.63","43.68","TORONTO LESTER B. PEARSON INT'L A","6158733","11","27","4.5","-2.8","44.0","19.2","1990","1937-2012","","-12.2","1951","1937-2012","","35.4","1993","1937-2012","","35.4","1993","1937-2012","","10.1","1978","1937-2012","","6","2005","1955-2012",""
"-79.63","43.68","TORONTO LESTER B. PEARSON INT'L A","6158733","11","28","4.3","-3.0","44.0","18.8","1990","1937-2012","","-11.7","1950","1938-2012","","36.8","1968","1937-2012","","36.8","1968","1937-2012","","13.6","1991","1937-2012","","8","1978","1955-2012",""
"-79.63","43.68","TORONTO LESTER B. PEARSON INT'L A","6158733","11","29","4.0","-3.3","44.0","16.8","2005","1937-2012","","-13.3","1955","1937-2012","","48.8","2011","1937-2012","","48.8","2011","1937-2012","","11.4","1971","1937-2012","","16","1991","1955-2012",""
"-79.63","43.68","TORONTO LESTER B. PEARSON INT'L A","6158733","11","30","3.8","-3.5","44.0","18.8","1998","1937-2012","","-15.0","1958","1937-2012","","33.5","1940","1937-2012","","17.6","2006","1937-2012","","33.5","1940","1937-2012","","10","1958","1955-2012",""
"-79.63","43.68","TORONTO LESTER B. PEARSON INT'L A","6158733","12","1","3.6","-3.7","48.0","15.6","1970","1937-2012","","-17.8","1940","1937-2012","","28.2","2006","1937-2012","","28.2","2006","1937-2012","","5.3","1954","1937-2012","","10","1958","1955-2012",""
"-79.63","43.68","TORONTO LESTER B. PEARSON INT'L A","6158733","12","2","3.4","-3.9","48.0","14.5","1998","1937-2012","","-22.8","1940","1937-2012","","26.6","1980","1937-2012","","23.6","1980","1937-2012","","9.2","2007","1937-2012","","11","2007","1955-2012",""
"-79.63","43.68","TORONTO LESTER B. PEARSON INT'L A","6158733","12","3","3.2","-4.2","48.0","20.0","1982","1937-2012","","-24.4","1940","1937-2012","","30.2","1990","1937-2012","","15.2","1955","1937-2012","","15.6","1990","1937-2012","","9","1956","1955-2012",""
"-79.63","43.68","TORONTO LESTER B. PEARSON INT'L A","6158733","12","4","3.0","-4.4","48.0","16.7","2012","1937-2012","","-25.0","1940","1937-2012","","19.8","1961","1937-2012","","19.8","1961","1937-2012","","7.1","1940","1937-2012","","10","1976","1955-2012",""
"-79.63","43.68","TORONTO LESTER B. PEARSON INT'L A","6158733","12","5","2.8","-4.6","48.0","18.3","2001","1938-2012","","-15.6","1940","1938-2012","","12.4","1977","1937-2012","","11.6","2011","1937-2012","","12.4","1977","1937-2012","","13","1976","1955-2012",""
"-79.63","43.68","TORONTO LESTER B. PEARSON INT'L A","6158733","12","6","2.6","-4.8","48.0","18.3","2001","1937-2012","","-21.1","1940","1937-2012","","40.9","1962","1937-2012","","40.9","1962","1937-2012","","10.2","1949","1937-2012","","14","1991","1955-2012",""
"-79.63","43.68","TORONTO LESTER B. PEARSON INT'L A","6158733","12","7","2.4","-5.0","48.0","17.6","1998","1937-2012","","-18.9","1976","1937-2012","","16.0","1969","1937-2012","","12.4","1950","1937-2012","","7.9","1957","1937-2012","","14","1977","1955-2012",""
"-79.63","43.68","TORONTO LESTER B. PEARSON INT'L A","6158733","12","8","2.2","-5.2","48.0","17.2","1966","1937-2012","","-20.6","1976","1937-2012","","16.7","1977","1937-2012","","8.6","1980","1937-2012","","17.9","1977","1937-2012","","13","1977","1955-2012",""
"-79.63","43.68","TORONTO LESTER B. PEARSON INT'L A","6158733","12","9","2.0","-5.5","48.0","13.9","1966","1937-2012","","-17.8","1976","1937-2012","","26.2","2009","1937-2012","","18.8","1952","1937-2012","","11.6","2005","1937-2012","","33","1977","1955-2012",""
"-79.63","43.68","TORONTO LESTER B. PEARSON INT'L A","6158733","12","10","1.8","-5.7","48.0","16.1","1971","1937-2012","","-24.9","1977","1937-2012","","32.5","1966","1937-2012","","32.5","1966","1937-2012","","13.0","1994","1937-2012","","28","1977","1955-2012",""
"-79.63","43.68","TORONTO LESTER B. PEARSON INT'L A","6158733","12","11","1.6","-5.9","48.0","13.2","1979","1937-2012","","-27.2","1977","1937-2012","","28.2","1944","1937-2012","","10.2","1949","1937-2012","","28.2","1944","1937-2012","","26","1977","1955-2012",""
"-79.63","43.68","TORONTO LESTER B. PEARSON INT'L A","6158733","12","12","1.4","-6.0","48.0","18.9","1946","1937-2012","","-20.0","1988","1937-2012","","35.1","1972","1937-2012","","29.0","1972","1937-2012","","15.2","1963","1937-2012","","28","1977","1955-2012",""
"-79.63","43.68","TORONTO LESTER B. PEARSON INT'L A","6158733","12","13","1.3","-6.2","48.0","13.3","1991","1937-2012","","-20.6","1958","1937-2012","","9.9","1941","1937-2012","","4.3","1977","1937-2012","","9.7","1941","1937-2012","","30","1977","1955-2012",""
"-79.63","43.68","TORONTO LESTER B. PEARSON INT'L A","6158733","12","14","1.1","-6.4","48.0","15.0","1975","1937-2012","","-18.3","1940","1937-2012","","20.4","1995","1937-2012","","16.8","1977","1937-2012","","20.3","1951","1937-2012","","30","2000","1955-2012",""
"-79.63","43.68","TORONTO LESTER B. PEARSON INT'L A","6158733","12","15","0.9","-6.6","48.0","14.4","1975","1937-2012","","-20.6","1943","1937-2012","","25.4","1971","1937-2012","","25.4","1971","1937-2012","","14.0","1972","1937-2012","","30","2000","1955-2012",""
"-79.63","43.68","TORONTO LESTER B. PEARSON INT'L A","6158733","12","16","0.8","-6.8","48.0","15.4","1984","1937-2012","","-23.3","1951","1937-2012","","17.1","2007","1937-2012","","12.2","1940","1937-2012","","16.8","2007","1937-2012","","28","2000","1955-2012",""
"-79.63","43.68","TORONTO LESTER B. PEARSON INT'L A","6158733","12","17","0.6","-7.0","48.0","13.8","1984","1937-2012","","-22.1","1980","1937-2012","","23.0","1996","1937-2012","","23.0","1996","1937-2012","","14.0","1942","1937-2012","","23","1970","1955-2012",""
"-79.63","43.68","TORONTO LESTER B. PEARSON INT'L A","6158733","12","18","0.5","-7.2","48.0","8.3","1957","1937-2012","","-20.0","1973","1937-2012","","17.8","1951","1937-2012","","13.2","1986","1937-2012","","18.0","1963","1937-2012","","21","2007","1955-2012",""
"-79.63","43.68","TORONTO LESTER B. PEARSON INT'L A","6158733","12","19","0.3","-7.3","48.0","13.3","1957","1937-2012","","-24.4","1942","1938-2012","","15.7","1982","1937-2012","","8.9","1957","1937-2012","","18.6","1982","1937-2012","","25","1963","1955-2012",""
"-79.63","43.68","TORONTO LESTER B. PEARSON INT'L A","6158733","12","20","0.2","-7.5","48.0","12.2","1957","1937-2012","","-31.1","1942","1937-2012","","20.3","1951","1937-2012","","16.0","1949","1937-2012","","20.8","1975","1937-2012","","23","1982","1955-2012",""
"-79.63","43.68","TORONTO LESTER B. PEARSON INT'L A","6158733","12","21","0.0","-7.7","48.0","15.6","1967","1937-2012","","-23.9","1955","1937-2012","","29.5","1967","1937-2012","","29.5","1967","1937-2012","","5.4","2000","1937-2012","","28","1973","1955-2012",""
"-79.63","43.68","TORONTO LESTER B. PEARSON INT'L A","6158733","12","22","-0.1","-7.8","48.0","14.4","1949","1937-2012","","-25.0","1989","1937-2012","","22.9","1956","1937-2012","","22.9","1956","1937-2012","","10.9","1955","1937-2012","","28","1975","1955-2012",""
"-79.63","43.68","TORONTO LESTER B. PEARSON INT'L A","6158733","12","23","-0.3","-8.0","48.0","11.7","1957","1937-2012","","-24.1","1989","1937-2012","","20.2","2007","1937-2012","","20.2","2007","1937-2012","","15.0","2004","1937-2012","","23","2008","1955-2012",""
"-79.63","43.68","TORONTO LESTER B. PEARSON INT'L A","6158733","12","24","-0.4","-8.2","48.0","12.2","1964","1938-2012","","-25.9","1980","1938-2012","","22.8","1979","1937-2012","","22.8","1979","1937-2012","","3.6","2000","1937-2012","","36","2008","1955-2012",""
"-79.63","43.68","TORONTO LESTER B. PEARSON INT'L A","6158733","12","25","-0.5","-8.3","48.0","15.7","1982","1938-2012","","-27.6","1980","1938-2012","","35.0","1979","1937-2012","","35.0","1979","1937-2012","","10.4","1951","1937-2012","","31","2008","1955-2012",""
"-79.63","43.68","TORONTO LESTER B. PEARSON INT'L A","6158733","12","26","-0.6","-8.5","48.0","9.8","1982","1937-2012","","-21.3","1989","1938-2012","","16.8","1949","1937-2012","","16.8","1949","1937-2012","","12.4","1975","1937-2012","","30","2008","1955-2012",""
"-79.63","43.68","TORONTO LESTER B. PEARSON INT'L A","6158733","12","27","-0.8","-8.6","48.0","14.2","2008","1937-2012","","-22.8","1944","1937-2012","","38.4","1942","1937-2012","","38.4","1942","1937-2012","","10.9","1944","1937-2012","","25","1970","1955-2012",""
"-79.63","43.68","TORONTO LESTER B. PEARSON INT'L A","6158733","12","28","-0.9","-8.7","48.0","17.2","1982","1937-2012","","-18.9","1960","1937-2012","","27.7","1968","1937-2012","","7.1","1940","1937-2012","","16.3","1983","1937-2012","","25","1970","1955-2012",""
"-79.63","43.68","TORONTO LESTER B. PEARSON INT'L A","6158733","12","29","-1.0","-8.9","48.0","14.6","1984","1937-2012","","-20.6","1944","1937-2012","","32.5","1940","1937-2012","","32.5","1940","1937-2012","","7.0","1989","1937-2012","","25","1975","1955-2012",""
"-79.63","43.68","TORONTO LESTER B. PEARSON INT'L A","6158733","12","30","-1.1","-9.0","48.0","7.2","1965","1937-2012","","-22.8","1962","1937-2012","","17.8","1942","1937-2012","","12.2","1992","1937-2012","","19.6","1971","1937-2012","","23","1968","1955-2012",""
"-79.63","43.68","TORONTO LESTER B. PEARSON INT'L A","6158733","12","31","-1.2","-9.2","48.0","13.9","1965","1937-2012","","-23.3","1962","1937-2012","","22.7","1978","1937-2012","","22.7","1978","1937-2012","","13.0","1948","1937-2012","","20","1968","1955-2012",""
